system_time,device_timestamp,device,command,force,qw,qx,qy,qz,roll,pitch,yaw,analog
2025-10-31 20:29:29.308,91463,CrutchHMI-BT-74d3,S,94752.00,922.0000,-43.0000,322.0000,209.0000,165.32,90.00,129.49,2048
2025-10-31 20:29:29.308,91514,CrutchHMI-BT-74d3,S,94678.00,918.0000,-47.0000,326.0000,217.0000,165.73,90.00,129.83,2048
2025-10-31 20:29:29.350,91564,CrutchHMI-BT-74d3,S,92287.00,916.0000,-47.0000,328.0000,221.0000,164.99,90.00,129.91,2048
2025-10-31 20:29:29.415,91615,CrutchHMI-BT-74d3,S,97530.00,915.0000,-47.0000,331.0000,225.0000,164.27,90.00,130.09,2048
2025-10-31 20:29:29.454,91665,CrutchHMI-BT-74d3,S,97530.00,911.0000,-47.0000,335.0000,231.0000,163.19,90.00,130.38,2048
2025-10-31 20:29:29.504,91715,CrutchHMI-BT-74d3,S,105313.00,910.0000,-45.0000,338.0000,233.0000,161.99,90.00,130.57,2048
2025-10-31 20:29:29.550,91765,CrutchHMI-BT-74d3,S,109023.00,909.0000,-42.0000,340.0000,235.0000,160.43,90.00,130.60,2048
2025-10-31 20:29:29.615,91815,CrutchHMI-BT-74d3,S,113103.00,907.0000,-40.0000,343.0000,237.0000,159.32,90.00,130.82,2048
2025-10-31 20:29:29.662,91865,CrutchHMI-BT-74d3,S,116371.00,905.0000,-43.0000,345.0000,242.0000,159.76,90.00,131.02,2048
2025-10-31 20:29:29.721,91916,CrutchHMI-BT-74d3,S,-30518654.00,903.0000,-44.0000,347.0000,246.0000,159.55,90.00,131.17,2048
2025-10-31 20:29:29.783,91966,CrutchHMI-BT-74d3,S,-30518654.00,901.0000,-39.0000,351.0000,248.0000,157.40,90.00,131.37,2048
2025-10-31 20:29:29.804,92016,CrutchHMI-BT-74d3,S,116982.00,900.0000,-36.0000,354.0000,248.0000,156.37,90.00,131.60,2048
2025-10-31 20:29:29.855,92066,CrutchHMI-BT-74d3,S,-30517340.00,899.0000,-33.0000,357.0000,248.0000,155.39,90.00,131.82,2048
2025-10-31 20:29:29.917,92117,CrutchHMI-BT-74d3,S,104086.00,898.0000,-31.0000,359.0000,249.0000,154.64,90.00,131.94,2048
2025-10-31 20:29:29.968,92167,CrutchHMI-BT-74d3,S,81659.00,897.0000,-23.0000,364.0000,247.0000,152.49,90.00,132.23,2048
2025-10-31 20:29:30.009,92217,CrutchHMI-BT-74d3,S,46044.00,896.0000,-12.0000,369.0000,243.0000,149.93,90.00,132.46,2048
2025-10-31 20:29:30.061,92267,CrutchHMI-BT-74d3,S,31426.00,896.0000,-4.0000,373.0000,239.0000,148.41,90.00,132.70,2048
2025-10-31 20:29:30.123,92318,CrutchHMI-BT-74d3,S,30122.00,894.0000,1.0000,380.0000,236.0000,147.90,90.00,133.43,2048
2025-10-31 20:29:30.174,92368,CrutchHMI-BT-74d3,S,31001.00,893.0000,1.0000,382.0000,235.0000,148.15,90.00,133.73,2048
2025-10-31 20:29:30.205,92418,CrutchHMI-BT-74d3,S,30092.00,892.0000,-1.0000,384.0000,236.0000,148.68,90.00,134.03,2048
2025-10-31 20:29:30.276,92468,CrutchHMI-BT-74d3,S,29848.00,891.0000,-4.0000,385.0000,236.0000,149.51,90.00,134.33,2048
2025-10-31 20:29:30.307,92518,CrutchHMI-BT-74d3,S,29230.00,890.0000,-10.0000,387.0000,239.0000,150.85,90.00,134.73,2048
2025-10-31 20:29:30.369,92568,CrutchHMI-BT-74d3,S,28624.00,889.0000,-16.0000,386.0000,242.0000,152.05,90.00,134.81,2048
2025-10-31 20:29:30.420,92618,CrutchHMI-BT-74d3,S,28624.00,888.0000,-22.0000,386.0000,245.0000,153.34,90.00,134.99,2048
2025-10-31 20:29:30.462,92668,CrutchHMI-BT-74d3,S,33455.00,887.0000,-25.0000,387.0000,248.0000,153.86,90.00,135.13,2048
2025-10-31 20:29:30.513,92718,CrutchHMI-BT-74d3,S,31995.00,886.0000,-27.0000,388.0000,251.0000,154.10,90.00,135.22,2048
2025-10-31 20:29:30.564,92768,CrutchHMI-BT-74d3,S,38269.00,884.0000,-28.0000,389.0000,254.0000,154.04,90.00,135.29,2048
2025-10-31 20:29:30.615,92818,CrutchHMI-BT-74d3,S,45796.00,882.0000,-24.0000,393.0000,256.0000,152.87,90.00,135.48,2048
2025-10-31 20:29:30.677,92868,CrutchHMI-BT-74d3,S,73815.00,881.0000,-23.0000,395.0000,257.0000,152.57,90.00,135.62,2048
2025-10-31 20:29:30.728,92939,CrutchHMI-BT-74d3,S,101080.00,878.0000,-24.0000,398.0000,260.0000,152.60,90.00,135.94,2048
2025-10-31 20:29:30.799,92993,CrutchHMI-BT-74d3,S,119318.00,877.0000,-26.0000,401.0000,262.0000,153.00,90.00,136.29,2048
2025-10-31 20:29:30.830,93043,CrutchHMI-BT-74d3,S,119318.00,873.0000,-35.0000,402.0000,270.0000,154.41,90.00,136.62,2048
2025-10-31 20:29:30.892,93093,CrutchHMI-BT-74d3,S,136319.00,871.0000,-38.0000,404.0000,273.0000,154.88,90.00,136.91,2048
2025-10-31 20:29:30.944,93143,CrutchHMI-BT-74d3,S,141918.00,869.0000,-42.0000,406.0000,276.0000,155.60,90.00,137.25,2048
2025-10-31 20:29:30.986,93193,CrutchHMI-BT-74d3,S,386946.00,868.0000,-44.0000,408.0000,277.0000,156.04,90.00,137.55,2048
2025-10-31 20:29:31.038,93243,CrutchHMI-BT-74d3,S,155506.00,866.0000,-46.0000,412.0000,276.0000,156.74,90.00,138.18,2048
2025-10-31 20:29:31.131,93294,CrutchHMI-BT-74d3,S,161978.00,865.0000,-47.0000,416.0000,274.0000,157.30,90.00,138.77,2048
2025-10-31 20:29:31.142,93344,CrutchHMI-BT-74d3,S,170403.00,864.0000,-50.0000,419.0000,272.0000,158.33,90.00,139.38,2048
2025-10-31 20:29:31.194,93394,CrutchHMI-BT-74d3,S,415296.00,863.0000,-53.0000,423.0000,269.0000,159.47,90.00,140.15,2048
2025-10-31 20:29:31.255,93445,CrutchHMI-BT-74d3,S,128663.00,862.0000,-56.0000,427.0000,266.0000,160.60,90.00,140.94,2048
2025-10-31 20:29:31.307,93495,CrutchHMI-BT-74d3,S,204085.00,861.0000,-59.0000,430.0000,263.0000,161.70,90.00,141.64,2048
2025-10-31 20:29:31.328,93545,CrutchHMI-BT-74d3,S,209736.00,861.0000,-62.0000,433.0000,258.0000,163.04,90.00,142.45,2048
2025-10-31 20:29:31.390,93595,CrutchHMI-BT-74d3,S,218759.00,860.0000,-65.0000,434.0000,256.0000,164.00,90.00,142.91,2048
2025-10-31 20:29:31.443,93646,CrutchHMI-BT-74d3,S,226937.00,860.0000,-67.0000,436.0000,252.0000,164.97,90.00,143.52,2048
2025-10-31 20:29:31.495,93696,CrutchHMI-BT-74d3,S,226937.00,861.0000,-66.0000,438.0000,246.0000,165.45,90.00,144.07,2048
2025-10-31 20:29:31.536,93746,CrutchHMI-BT-74d3,S,241432.00,862.0000,-66.0000,439.0000,243.0000,165.82,90.00,144.36,2048
2025-10-31 20:29:31.588,93796,CrutchHMI-BT-74d3,S,250024.00,862.0000,-67.0000,439.0000,241.0000,166.31,90.00,144.59,2048
2025-10-31 20:29:31.649,93847,CrutchHMI-BT-74d3,S,257595.00,863.0000,-67.0000,438.0000,239.0000,166.58,90.00,144.60,2048
2025-10-31 20:29:31.690,93897,CrutchHMI-BT-74d3,S,262284.00,864.0000,-67.0000,437.0000,238.0000,166.72,90.00,144.54,2048
2025-10-31 20:29:31.742,93947,CrutchHMI-BT-74d3,S,270063.00,864.0000,-68.0000,435.0000,240.0000,166.75,90.00,144.24,2048
2025-10-31 20:29:31.793,93997,CrutchHMI-BT-74d3,S,270063.00,865.0000,-71.0000,431.0000,245.0000,166.96,90.00,143.58,2048
2025-10-31 20:29:31.846,94047,CrutchHMI-BT-74d3,S,281555.00,864.0000,-73.0000,429.0000,250.0000,166.87,90.00,143.16,2048
2025-10-31 20:29:31.887,94098,CrutchHMI-BT-74d3,S,280957.00,863.0000,-75.0000,426.0000,257.0000,166.55,90.00,142.51,2048
2025-10-31 20:29:31.970,94165,CrutchHMI-BT-74d3,S,280526.00,861.0000,-77.0000,425.0000,264.0000,166.18,90.00,142.14,2048
2025-10-31 20:29:32.031,94219,CrutchHMI-BT-74d3,S,273259.00,859.0000,-77.0000,426.0000,270.0000,165.38,90.00,141.95,2048
2025-10-31 20:29:32.124,94270,CrutchHMI-BT-74d3,S,266425.00,856.0000,-77.0000,428.0000,275.0000,164.69,90.00,141.97,2048
2025-10-31 20:29:32.124,94320,CrutchHMI-BT-74d3,S,253541.00,854.0000,-77.0000,430.0000,279.0000,164.14,90.00,142.02,2048
2025-10-31 20:29:32.164,94371,CrutchHMI-BT-74d3,S,234547.00,852.0000,-77.0000,432.0000,283.0000,163.61,90.00,142.07,2048
2025-10-31 20:29:32.225,94421,CrutchHMI-BT-74d3,S,234547.00,847.0000,-77.0000,438.0000,290.0000,162.65,90.00,142.48,2048
2025-10-31 20:29:32.256,94471,CrutchHMI-BT-74d3,S,-30409866.00,843.0000,-78.0000,441.0000,293.0000,162.44,90.00,142.82,2048
2025-10-31 20:29:32.307,94521,CrutchHMI-BT-74d3,S,221768.00,840.0000,-78.0000,445.0000,297.0000,161.92,90.00,143.12,2048
2025-10-31 20:29:32.379,94571,CrutchHMI-BT-74d3,S,224504.00,837.0000,-79.0000,449.0000,301.0000,161.63,90.00,143.47,2048
2025-10-31 20:29:32.410,94621,CrutchHMI-BT-74d3,S,222013.00,832.0000,-81.0000,454.0000,308.0000,161.19,90.00,143.90,2048
2025-10-31 20:29:32.471,94672,CrutchHMI-BT-74d3,S,221174.00,827.0000,-84.0000,458.0000,313.0000,161.18,90.00,144.39,2048
2025-10-31 20:29:32.522,94722,CrutchHMI-BT-74d3,S,-30418432.00,824.0000,-85.0000,461.0000,316.0000,161.01,90.00,144.70,2048
2025-10-31 20:29:32.562,94772,CrutchHMI-BT-74d3,S,212843.00,819.0000,-86.0000,467.0000,318.0000,160.90,90.00,145.39,2048
2025-10-31 20:29:32.615,94823,CrutchHMI-BT-74d3,S,217525.00,816.0000,-87.0000,473.0000,319.0000,160.94,90.00,146.05,2048
2025-10-31 20:29:32.667,94873,CrutchHMI-BT-74d3,S,214245.00,813.0000,-88.0000,477.0000,318.0000,161.19,90.00,146.62,2048
2025-10-31 20:29:32.718,94923,CrutchHMI-BT-74d3,S,215440.00,811.0000,-90.0000,484.0000,315.0000,161.85,90.00,147.57,2048
2025-10-31 20:29:32.770,94973,CrutchHMI-BT-74d3,S,220571.00,809.0000,-91.0000,488.0000,312.0000,162.30,90.00,148.20,2048
2025-10-31 20:29:32.811,95024,CrutchHMI-BT-74d3,S,222883.00,808.0000,-92.0000,494.0000,306.0000,163.08,90.00,149.14,2048
2025-10-31 20:29:32.873,95074,CrutchHMI-BT-74d3,S,222883.00,807.0000,-93.0000,501.0000,297.0000,164.14,90.00,150.35,2048
2025-10-31 20:29:32.914,95124,CrutchHMI-BT-74d3,S,228145.00,807.0000,-92.0000,504.0000,290.0000,164.68,90.00,150.97,2048
2025-10-31 20:29:32.975,95174,CrutchHMI-BT-74d3,S,231162.00,807.0000,-91.0000,508.0000,283.0000,165.21,90.00,151.69,2048
2025-10-31 20:29:33.016,95225,CrutchHMI-BT-74d3,S,235354.00,809.0000,-90.0000,511.0000,274.0000,165.98,90.00,152.41,2048
2025-10-31 20:29:33.128,95326,CrutchHMI-BT-74d3,S,243086.00,812.0000,-87.0000,514.0000,259.0000,167.05,90.00,153.44,2048
2025-10-31 20:29:33.190,95376,CrutchHMI-BT-74d3,S,248531.00,813.0000,-87.0000,515.0000,254.0000,167.58,90.00,153.88,2048
2025-10-31 20:29:33.211,95426,CrutchHMI-BT-74d3,S,429350.00,816.0000,-87.0000,514.0000,248.0000,168.26,90.00,154.17,2048
2025-10-31 20:29:33.282,95476,CrutchHMI-BT-74d3,S,251426.00,817.0000,-87.0000,512.0000,245.0000,168.60,90.00,154.22,2048
2025-10-31 20:29:33.334,95526,CrutchHMI-BT-74d3,S,-30382512.00,818.0000,-89.0000,510.0000,245.0000,168.99,90.00,154.16,2048
2025-10-31 20:29:33.374,95576,CrutchHMI-BT-74d3,S,259914.00,819.0000,-92.0000,507.0000,248.0000,169.25,90.00,153.84,2048
2025-10-31 20:29:33.426,95626,CrutchHMI-BT-74d3,S,265732.00,820.0000,-95.0000,504.0000,251.0000,169.53,90.00,153.52,2048
2025-10-31 20:29:33.478,95676,CrutchHMI-BT-74d3,S,272372.00,821.0000,-97.0000,500.0000,255.0000,169.55,90.00,152.95,2048
2025-10-31 20:29:33.530,95726,CrutchHMI-BT-74d3,S,272372.00,821.0000,-100.0000,495.0000,263.0000,169.32,90.00,152.09,2048
2025-10-31 20:29:33.580,95776,CrutchHMI-BT-74d3,S,279730.00,821.0000,-102.0000,491.0000,268.0000,169.23,90.00,151.49,2048
2025-10-31 20:29:33.611,95826,CrutchHMI-BT-74d3,S,277020.00,821.0000,-103.0000,488.0000,275.0000,168.72,90.00,150.78,2048
2025-10-31 20:29:33.694,95876,CrutchHMI-BT-74d3,S,274208.00,820.0000,-104.0000,485.0000,281.0000,168.29,90.00,150.19,2048
2025-10-31 20:29:33.715,95926,CrutchHMI-BT-74d3,S,272587.00,818.0000,-107.0000,482.0000,291.0000,167.79,90.00,149.54,2048
2025-10-31 20:29:33.778,95976,CrutchHMI-BT-74d3,S,274033.00,817.0000,-108.0000,481.0000,297.0000,167.33,90.00,149.17,2048
2025-10-31 20:29:33.820,96026,CrutchHMI-BT-74d3,S,274033.00,813.0000,-108.0000,481.0000,306.0000,166.27,90.00,148.80,2048
2025-10-31 20:29:33.862,96076,CrutchHMI-BT-74d3,S,256678.00,811.0000,-108.0000,481.0000,311.0000,165.69,90.00,148.60,2048
2025-10-31 20:29:33.924,96127,CrutchHMI-BT-74d3,S,237706.00,809.0000,-108.0000,482.0000,316.0000,165.10,90.00,148.50,2048
2025-10-31 20:29:33.976,96177,CrutchHMI-BT-74d3,S,226203.00,806.0000,-107.0000,484.0000,320.0000,164.39,90.00,148.52,2048
2025-10-31 20:29:34.027,96227,CrutchHMI-BT-74d3,S,218468.00,802.0000,-110.0000,487.0000,325.0000,164.30,90.00,148.86,2048
2025-10-31 20:29:34.120,96277,CrutchHMI-BT-74d3,S,220486.00,799.0000,-112.0000,489.0000,329.0000,164.16,90.00,149.07,2048
2025-10-31 20:29:34.120,96327,CrutchHMI-BT-74d3,S,208895.00,794.0000,-115.0000,492.0000,335.0000,163.94,90.00,149.41,2048
2025-10-31 20:29:34.183,96377,CrutchHMI-BT-74d3,S,207435.00,789.0000,-119.0000,495.0000,342.0000,163.78,90.00,149.77,2048
2025-10-31 20:29:34.234,96427,CrutchHMI-BT-74d3,S,198188.00,784.0000,-123.0000,497.0000,347.0000,163.83,90.00,150.14,2048
2025-10-31 20:29:34.275,96477,CrutchHMI-BT-74d3,S,194868.00,780.0000,-125.0000,500.0000,352.0000,163.54,90.00,150.44,2048
2025-10-31 20:29:34.326,96527,CrutchHMI-BT-74d3,S,194036.00,774.0000,-130.0000,503.0000,359.0000,163.50,90.00,150.91,2048
2025-10-31 20:29:34.377,96577,CrutchHMI-BT-74d3,S,190821.00,767.0000,-135.0000,507.0000,368.0000,163.22,90.00,151.42,2048
2025-10-31 20:29:34.440,96627,CrutchHMI-BT-74d3,S,191770.00,762.0000,-139.0000,510.0000,373.0000,163.21,90.00,151.88,2048
2025-10-31 20:29:34.472,96677,CrutchHMI-BT-74d3,S,191770.00,754.0000,-144.0000,514.0000,380.0000,163.07,90.00,152.52,2048
2025-10-31 20:29:34.524,96727,CrutchHMI-BT-74d3,S,192476.00,750.0000,-146.0000,517.0000,383.0000,162.95,90.00,152.91,2048
2025-10-31 20:29:34.576,96778,CrutchHMI-BT-74d3,S,193024.00,747.0000,-148.0000,521.0000,384.0000,163.03,90.00,153.40,2048
2025-10-31 20:29:34.627,96828,CrutchHMI-BT-74d3,S,194134.00,744.0000,-149.0000,525.0000,383.0000,163.15,90.00,153.92,2048
2025-10-31 20:29:34.678,96878,CrutchHMI-BT-74d3,S,197789.00,742.0000,-150.0000,530.0000,380.0000,163.46,90.00,154.54,2048
2025-10-31 20:29:34.739,96928,CrutchHMI-BT-74d3,S,204608.00,742.0000,-151.0000,533.0000,375.0000,164.03,90.00,155.03,2048
2025-10-31 20:29:34.801,96997,CrutchHMI-BT-74d3,S,211178.00,742.0000,-152.0000,538.0000,366.0000,164.94,90.00,155.85,2048
2025-10-31 20:29:34.851,97051,CrutchHMI-BT-74d3,S,214600.00,744.0000,-150.0000,543.0000,357.0000,165.47,90.00,156.44,2048
2025-10-31 20:29:34.903,97101,CrutchHMI-BT-74d3,S,214600.00,747.0000,-150.0000,547.0000,343.0000,166.78,90.00,157.32,2048
2025-10-31 20:29:34.954,97151,CrutchHMI-BT-74d3,S,463890.00,749.0000,-151.0000,549.0000,336.0000,167.59,90.00,157.84,2048
2025-10-31 20:29:34.995,97201,CrutchHMI-BT-74d3,S,230059.00,751.0000,-152.0000,549.0000,331.0000,168.24,90.00,158.11,2048
2025-10-31 20:29:35.048,97251,CrutchHMI-BT-74d3,S,235671.00,753.0000,-155.0000,548.0000,327.0000,169.10,90.00,158.39,2048
2025-10-31 20:29:35.111,97301,CrutchHMI-BT-74d3,S,239974.00,756.0000,-158.0000,546.0000,322.0000,170.10,90.00,158.64,2048
2025-10-31 20:29:35.142,97352,CrutchHMI-BT-74d3,S,243242.00,759.0000,-160.0000,544.0000,318.0000,170.89,90.00,158.76,2048
2025-10-31 20:29:35.193,97402,CrutchHMI-BT-74d3,S,247479.00,761.0000,-162.0000,541.0000,317.0000,171.40,90.00,158.66,2048
2025-10-31 20:29:35.244,97452,CrutchHMI-BT-74d3,S,253869.00,763.0000,-165.0000,538.0000,315.0000,172.17,90.00,158.69,2048
2025-10-31 20:29:35.306,97503,CrutchHMI-BT-74d3,S,252938.00,766.0000,-167.0000,534.0000,315.0000,172.67,90.00,158.41,2048
2025-10-31 20:29:35.358,97553,CrutchHMI-BT-74d3,S,256934.00,767.0000,-168.0000,531.0000,316.0000,172.84,90.00,158.14,2048
2025-10-31 20:29:35.420,97603,CrutchHMI-BT-74d3,S,261854.00,769.0000,-170.0000,526.0000,320.0000,172.99,90.00,157.55,2048
2025-10-31 20:29:35.440,97653,CrutchHMI-BT-74d3,S,263544.00,769.0000,-172.0000,521.0000,324.0000,173.08,90.00,157.03,2048
2025-10-31 20:29:35.492,97704,CrutchHMI-BT-74d3,S,265099.00,770.0000,-174.0000,516.0000,331.0000,172.92,90.00,156.29,2048
2025-10-31 20:29:35.543,97756,CrutchHMI-BT-74d3,S,266677.00,770.0000,-176.0000,511.0000,337.0000,172.84,90.00,155.65,2048
2025-10-31 20:29:35.606,97807,CrutchHMI-BT-74d3,S,262840.00,768.0000,-178.0000,506.0000,349.0000,172.11,90.00,154.78,2048
2025-10-31 20:29:35.658,97857,CrutchHMI-BT-74d3,S,258431.00,766.0000,-180.0000,503.0000,356.0000,171.79,90.00,154.37,2048
2025-10-31 20:29:35.700,97908,CrutchHMI-BT-74d3,S,259641.00,763.0000,-181.0000,502.0000,362.0000,171.29,90.00,154.18,2048
2025-10-31 20:29:35.752,97959,CrutchHMI-BT-74d3,S,252434.00,760.0000,-183.0000,500.0000,371.0000,170.70,90.00,153.83,2048
2025-10-31 20:29:35.814,98009,CrutchHMI-BT-74d3,S,241081.00,757.0000,-184.0000,500.0000,376.0000,170.26,90.00,153.79,2048
2025-10-31 20:29:35.866,98060,CrutchHMI-BT-74d3,S,235417.00,755.0000,-184.0000,500.0000,379.0000,169.90,90.00,153.75,2048
2025-10-31 20:29:35.908,98111,CrutchHMI-BT-74d3,S,231604.00,752.0000,-185.0000,501.0000,384.0000,169.42,90.00,153.80,2048
2025-10-31 20:29:35.959,98161,CrutchHMI-BT-74d3,S,226538.00,751.0000,-183.0000,504.0000,384.0000,168.96,90.00,153.96,2048
2025-10-31 20:29:36.001,98212,CrutchHMI-BT-74d3,S,230362.00,748.0000,-188.0000,504.0000,387.0000,169.35,90.00,154.25,2048
2025-10-31 20:29:36.054,98262,CrutchHMI-BT-74d3,S,230362.00,742.0000,-192.0000,507.0000,392.0000,169.16,90.00,154.77,2048
2025-10-31 20:29:36.106,98312,CrutchHMI-BT-74d3,S,222762.00,738.0000,-194.0000,509.0000,395.0000,168.96,90.00,155.09,2048
2025-10-31 20:29:36.168,98362,CrutchHMI-BT-74d3,S,-30414110.00,735.0000,-196.0000,511.0000,398.0000,168.80,90.00,155.37,2048
2025-10-31 20:29:36.209,98412,CrutchHMI-BT-74d3,S,217668.00,731.0000,-198.0000,513.0000,402.0000,168.51,90.00,155.64,2048
2025-10-31 20:29:36.262,98462,CrutchHMI-BT-74d3,S,213358.00,726.0000,-202.0000,514.0000,408.0000,168.32,90.00,155.93,2048
2025-10-31 20:29:36.313,98513,CrutchHMI-BT-74d3,S,207295.00,720.0000,-206.0000,515.0000,414.0000,168.09,90.00,156.26,2048
2025-10-31 20:29:36.354,98563,CrutchHMI-BT-74d3,S,207295.00,713.0000,-211.0000,518.0000,422.0000,167.71,90.00,156.77,2048
2025-10-31 20:29:36.416,98613,CrutchHMI-BT-74d3,S,202047.00,708.0000,-213.0000,519.0000,426.0000,167.41,90.00,157.03,2048
2025-10-31 20:29:36.457,98663,CrutchHMI-BT-74d3,S,197410.00,702.0000,-216.0000,521.0000,431.0000,167.09,90.00,157.43,2048
2025-10-31 20:29:36.539,98733,CrutchHMI-BT-74d3,S,-30439562.00,694.0000,-221.0000,525.0000,439.0000,166.63,90.00,158.06,2048
2025-10-31 20:29:36.590,98787,CrutchHMI-BT-74d3,S,194507.00,688.0000,-224.0000,528.0000,443.0000,166.37,90.00,158.56,2048
2025-10-31 20:29:36.641,98841,CrutchHMI-BT-74d3,S,194005.00,682.0000,-227.0000,531.0000,446.0000,166.18,90.00,159.10,2048
2025-10-31 20:29:36.694,98892,CrutchHMI-BT-74d3,S,194934.00,676.0000,-230.0000,537.0000,447.0000,166.08,90.00,159.90,2048
2025-10-31 20:29:36.736,98942,CrutchHMI-BT-74d3,S,191505.00,674.0000,-232.0000,540.0000,445.0000,166.34,90.00,160.37,2048
2025-10-31 20:29:36.797,98992,CrutchHMI-BT-74d3,S,191505.00,672.0000,-233.0000,547.0000,438.0000,166.78,90.00,161.23,2048
2025-10-31 20:29:36.828,99042,CrutchHMI-BT-74d3,S,195609.00,673.0000,-233.0000,552.0000,432.0000,167.19,90.00,161.74,2048
2025-10-31 20:29:36.891,99092,CrutchHMI-BT-74d3,S,197877.00,675.0000,-230.0000,558.0000,422.0000,167.58,90.00,162.27,2048
2025-10-31 20:29:36.941,99142,CrutchHMI-BT-74d3,S,199911.00,679.0000,-226.0000,565.0000,408.0000,168.24,90.00,162.91,2048
2025-10-31 20:29:36.983,99192,CrutchHMI-BT-74d3,S,202807.00,686.0000,-221.0000,571.0000,391.0000,169.18,90.00,163.48,2048
2025-10-31 20:29:37.034,99242,CrutchHMI-BT-74d3,S,213573.00,690.0000,-218.0000,574.0000,380.0000,169.82,90.00,163.87,2048
2025-10-31 20:29:37.107,99292,CrutchHMI-BT-74d3,S,223657.00,695.0000,-217.0000,575.0000,372.0000,170.52,90.00,164.08,2048
2025-10-31 20:29:37.138,99343,CrutchHMI-BT-74d3,S,231359.00,702.0000,-215.0000,574.0000,362.0000,171.39,90.00,164.15,2048
2025-10-31 20:29:37.190,99393,CrutchHMI-BT-74d3,S,237444.00,705.0000,-215.0000,572.0000,358.0000,171.89,90.00,164.13,2048
2025-10-31 20:29:37.231,99443,CrutchHMI-BT-74d3,S,242527.00,708.0000,-215.0000,569.0000,356.0000,172.25,90.00,163.94,2048
2025-10-31 20:29:37.292,99494,CrutchHMI-BT-74d3,S,250681.00,711.0000,-215.0000,565.0000,355.0000,172.56,90.00,163.61,2048
2025-10-31 20:29:37.343,99544,CrutchHMI-BT-74d3,S,257095.00,714.0000,-218.0000,560.0000,357.0000,173.01,90.00,163.24,2048
2025-10-31 20:29:37.383,99594,CrutchHMI-BT-74d3,S,254910.00,716.0000,-219.0000,556.0000,360.0000,173.08,90.00,162.78,2048
2025-10-31 20:29:37.435,99644,CrutchHMI-BT-74d3,S,254910.00,717.0000,-220.0000,550.0000,364.0000,173.10,90.00,162.16,2048
2025-10-31 20:29:37.497,99694,CrutchHMI-BT-74d3,S,257745.00,718.0000,-220.0000,547.0000,368.0000,172.89,90.00,161.68,2048
2025-10-31 20:29:37.549,99745,CrutchHMI-BT-74d3,S,259917.00,718.0000,-219.0000,545.0000,371.0000,172.58,90.00,161.31,2048
2025-10-31 20:29:37.591,99795,CrutchHMI-BT-74d3,S,263493.00,719.0000,-217.0000,543.0000,375.0000,172.07,90.00,160.78,2048
2025-10-31 20:29:37.642,99845,CrutchHMI-BT-74d3,S,257430.00,719.0000,-213.0000,541.0000,378.0000,171.36,90.00,160.23,2048
2025-10-31 20:29:37.693,99895,CrutchHMI-BT-74d3,S,-3579512.00,718.0000,-212.0000,540.0000,382.0000,170.87,90.00,159.94,2048
2025-10-31 20:29:37.734,99945,CrutchHMI-BT-74d3,S,232915.00,717.0000,-211.0000,539.0000,387.0000,170.29,90.00,159.60,2048
2025-10-31 20:29:37.787,99995,CrutchHMI-BT-74d3,S,233612.00,716.0000,-209.0000,538.0000,391.0000,169.67,90.00,159.26,2048
2025-10-31 20:29:37.860,100045,CrutchHMI-BT-74d3,S,-3603479.00,715.0000,-208.0000,538.0000,394.0000,169.24,90.00,159.10,2048
2025-10-31 20:29:37.892,100095,CrutchHMI-BT-74d3,S,220048.00,713.0000,-208.0000,537.0000,397.0000,168.93,90.00,158.98,2048
2025-10-31 20:29:37.943,100146,CrutchHMI-BT-74d3,S,217298.00,711.0000,-210.0000,537.0000,401.0000,168.77,90.00,159.01,2048
2025-10-31 20:29:37.985,100196,CrutchHMI-BT-74d3,S,220308.00,709.0000,-212.0000,536.0000,404.0000,168.73,90.00,159.01,2048
2025-10-31 20:29:38.046,100246,CrutchHMI-BT-74d3,S,220651.00,707.0000,-215.0000,536.0000,406.0000,168.87,90.00,159.19,2048
2025-10-31 20:29:38.109,100297,CrutchHMI-BT-74d3,S,220651.00,704.0000,-220.0000,536.0000,409.0000,169.15,90.00,159.49,2048
2025-10-31 20:29:38.141,100347,CrutchHMI-BT-74d3,S,225953.00,702.0000,-223.0000,536.0000,409.0000,169.46,90.00,159.76,2048
2025-10-31 20:29:38.203,100397,CrutchHMI-BT-74d3,S,220768.00,701.0000,-226.0000,537.0000,410.0000,169.69,90.00,160.01,2048
2025-10-31 20:29:38.275,100447,CrutchHMI-BT-74d3,S,197099.00,700.0000,-229.0000,537.0000,410.0000,170.04,90.00,160.23,2048
2025-10-31 20:29:38.285,100497,CrutchHMI-BT-74d3,S,137787.00,698.0000,-233.0000,536.0000,412.0000,170.33,90.00,160.41,2048
2025-10-31 20:29:38.346,100548,CrutchHMI-BT-74d3,S,61086.00,696.0000,-236.0000,536.0000,413.0000,170.55,90.00,160.63,2048
2025-10-31 20:29:38.398,100598,CrutchHMI-BT-74d3,S,61086.00,696.0000,-237.0000,537.0000,412.0000,170.72,90.00,160.81,2048
2025-10-31 20:29:38.458,100648,CrutchHMI-BT-74d3,S,49569.00,694.0000,-239.0000,537.0000,413.0000,170.81,90.00,160.97,2048
2025-10-31 20:29:38.500,100698,CrutchHMI-BT-74d3,S,56493.00,693.0000,-239.0000,538.0000,413.0000,170.73,90.00,161.09,2048
2025-10-31 20:29:38.551,100762,CrutchHMI-BT-74d3,S,51212.00,690.0000,-244.0000,537.0000,417.0000,170.93,90.00,161.27,2048
2025-10-31 20:29:38.613,100816,CrutchHMI-BT-74d3,S,53794.00,689.0000,-245.0000,537.0000,418.0000,170.92,90.00,161.33,2048
2025-10-31 20:29:38.665,100867,CrutchHMI-BT-74d3,S,55415.00,687.0000,-248.0000,537.0000,421.0000,170.95,90.00,161.47,2048
2025-10-31 20:29:38.706,100917,CrutchHMI-BT-74d3,S,68172.00,685.0000,-251.0000,536.0000,423.0000,171.11,90.00,161.59,2048
2025-10-31 20:29:38.759,100968,CrutchHMI-BT-74d3,S,91139.00,684.0000,-252.0000,537.0000,423.0000,171.15,90.00,161.76,2048
2025-10-31 20:29:38.811,101018,CrutchHMI-BT-74d3,S,91139.00,680.0000,-260.0000,533.0000,429.0000,171.61,90.00,161.89,2048
2025-10-31 20:29:38.853,101068,CrutchHMI-BT-74d3,S,143671.00,678.0000,-262.0000,533.0000,432.0000,171.52,90.00,161.97,2048
2025-10-31 20:29:38.904,101118,CrutchHMI-BT-74d3,S,186669.00,676.0000,-264.0000,533.0000,434.0000,171.50,90.00,162.09,2048
2025-10-31 20:29:38.966,101168,CrutchHMI-BT-74d3,S,217353.00,674.0000,-266.0000,532.0000,436.0000,171.53,90.00,162.15,2048
2025-10-31 20:29:39.018,101218,CrutchHMI-BT-74d3,S,243253.00,672.0000,-269.0000,532.0000,438.0000,171.64,90.00,162.34,2048
2025-10-31 20:29:39.101,101268,CrutchHMI-BT-74d3,S,284616.00,670.0000,-271.0000,531.0000,439.0000,171.75,90.00,162.44,2048
2025-10-31 20:29:39.111,101318,CrutchHMI-BT-74d3,S,284616.00,667.0000,-276.0000,529.0000,443.0000,171.97,90.00,162.57,2048
2025-10-31 20:29:39.163,101368,CrutchHMI-BT-74d3,S,-30205600.00,666.0000,-278.0000,529.0000,444.0000,172.07,90.00,162.69,2048
2025-10-31 20:29:39.215,101418,CrutchHMI-BT-74d3,S,460709.00,665.0000,-279.0000,529.0000,445.0000,172.06,90.00,162.76,2048
2025-10-31 20:29:39.266,101468,CrutchHMI-BT-74d3,S,460709.00,662.0000,-280.0000,530.0000,448.0000,171.75,90.00,162.90,2048
2025-10-31 20:29:39.317,101518,CrutchHMI-BT-74d3,S,371338.00,662.0000,-279.0000,532.0000,446.0000,171.71,90.00,163.06,2048
2025-10-31 20:29:39.368,101569,CrutchHMI-BT-74d3,S,270049.00,662.0000,-281.0000,532.0000,444.0000,172.11,90.00,163.26,2048
2025-10-31 20:29:39.408,101619,CrutchHMI-BT-74d3,S,224336.00,662.0000,-283.0000,532.0000,443.0000,172.42,90.00,163.42,2048
2025-10-31 20:29:39.470,101669,CrutchHMI-BT-74d3,S,177758.00,661.0000,-285.0000,532.0000,444.0000,172.52,90.00,163.54,2048
2025-10-31 20:29:39.521,101719,CrutchHMI-BT-74d3,S,148991.00,659.0000,-288.0000,532.0000,445.0000,172.69,90.00,163.77,2048
2025-10-31 20:29:39.583,101782,CrutchHMI-BT-74d3,S,146949.00,657.0000,-290.0000,531.0000,447.0000,172.71,90.00,163.83,2048
2025-10-31 20:29:39.635,101836,CrutchHMI-BT-74d3,S,151204.00,656.0000,-292.0000,530.0000,449.0000,172.78,90.00,163.84,2048
2025-10-31 20:29:39.698,101886,CrutchHMI-BT-74d3,S,151204.00,653.0000,-295.0000,529.0000,453.0000,172.70,90.00,163.93,2048
2025-10-31 20:29:39.749,101936,CrutchHMI-BT-74d3,S,204023.00,652.0000,-296.0000,528.0000,455.0000,172.65,90.00,163.88,2048
2025-10-31 20:29:39.780,101986,CrutchHMI-BT-74d3,S,294229.00,651.0000,-297.0000,528.0000,455.0000,172.72,90.00,163.99,2048
2025-10-31 20:29:39.832,102036,CrutchHMI-BT-74d3,S,387406.00,650.0000,-299.0000,528.0000,456.0000,172.81,90.00,164.11,2048
2025-10-31 20:29:39.894,102086,CrutchHMI-BT-74d3,S,447384.00,646.0000,-303.0000,526.0000,460.0000,172.85,90.00,164.24,2048
2025-10-31 20:29:39.935,102137,CrutchHMI-BT-74d3,S,468339.00,645.0000,-303.0000,527.0000,460.0000,172.75,90.00,164.36,2048
2025-10-31 20:29:39.987,102187,CrutchHMI-BT-74d3,S,468339.00,646.0000,-305.0000,528.0000,458.0000,173.13,90.00,164.57,2048
2025-10-31 20:29:40.039,102237,CrutchHMI-BT-74d3,S,457639.00,645.0000,-307.0000,527.0000,458.0000,173.35,90.00,164.67,2048
2025-10-31 20:29:40.101,102287,CrutchHMI-BT-74d3,S,445798.00,644.0000,-310.0000,527.0000,458.0000,173.63,90.00,164.89,2048
2025-10-31 20:29:40.153,102338,CrutchHMI-BT-74d3,S,391795.00,643.0000,-312.0000,527.0000,457.0000,173.88,90.00,165.10,2048
2025-10-31 20:29:40.173,102388,CrutchHMI-BT-74d3,S,329354.00,642.0000,-315.0000,526.0000,458.0000,174.13,90.00,165.22,2048
2025-10-31 20:29:40.225,102438,CrutchHMI-BT-74d3,S,232104.00,640.0000,-318.0000,525.0000,459.0000,174.32,90.00,165.38,2048
2025-10-31 20:29:40.287,102488,CrutchHMI-BT-74d3,S,159432.00,639.0000,-321.0000,525.0000,460.0000,174.51,90.00,165.57,2048
2025-10-31 20:29:40.329,102539,CrutchHMI-BT-74d3,S,114736.00,635.0000,-325.0000,524.0000,464.0000,174.48,90.00,165.76,2048
2025-10-31 20:29:40.380,102589,CrutchHMI-BT-74d3,S,81213.00,633.0000,-328.0000,522.0000,467.0000,174.57,90.00,165.77,2048
2025-10-31 20:29:40.442,102639,CrutchHMI-BT-74d3,S,64805.00,631.0000,-330.0000,520.0000,470.0000,174.55,90.00,165.73,2048
2025-10-31 20:29:40.493,102689,CrutchHMI-BT-74d3,S,59370.00,629.0000,-333.0000,517.0000,473.0000,174.70,90.00,165.68,2048
2025-10-31 20:29:40.545,102739,CrutchHMI-BT-74d3,S,55733.00,627.0000,-336.0000,515.0000,476.0000,174.79,90.00,165.69,2048
2025-10-31 20:29:40.576,102789,CrutchHMI-BT-74d3,S,53403.00,625.0000,-337.0000,514.0000,479.0000,174.62,90.00,165.66,2048
2025-10-31 20:29:40.649,102839,CrutchHMI-BT-74d3,S,53403.00,623.0000,-339.0000,514.0000,480.0000,174.65,90.00,165.84,2048
2025-10-31 20:29:40.680,102889,CrutchHMI-BT-74d3,S,60481.00,622.0000,-340.0000,515.0000,480.0000,174.64,90.00,166.01,2048
2025-10-31 20:29:40.731,102939,CrutchHMI-BT-74d3,S,71619.00,622.0000,-340.0000,516.0000,479.0000,174.66,90.00,166.12,2048
2025-10-31 20:29:40.792,102989,CrutchHMI-BT-74d3,S,94316.00,622.0000,-339.0000,518.0000,477.0000,174.60,90.00,166.28,2048
2025-10-31 20:29:40.853,103039,CrutchHMI-BT-74d3,S,134518.00,621.0000,-341.0000,518.0000,477.0000,174.75,90.00,166.44,2048
2025-10-31 20:29:40.874,103089,CrutchHMI-BT-74d3,S,197274.00,620.0000,-342.0000,519.0000,477.0000,174.75,90.00,166.61,2048
2025-10-31 20:29:40.966,103160,CrutchHMI-BT-74d3,S,375808.00,619.0000,-345.0000,519.0000,477.0000,175.00,90.00,166.84,2048
2025-10-31 20:29:41.018,103214,CrutchHMI-BT-74d3,S,474711.00,616.0000,-347.0000,517.0000,480.0000,174.93,90.00,166.85,2048
2025-10-31 20:29:41.110,103264,CrutchHMI-BT-74d3,S,474711.00,615.0000,-347.0000,518.0000,481.0000,174.75,90.00,166.92,2048
2025-10-31 20:29:41.110,103314,CrutchHMI-BT-74d3,S,539801.00,615.0000,-348.0000,517.0000,481.0000,174.90,90.00,166.92,2048
2025-10-31 20:29:41.174,103364,CrutchHMI-BT-74d3,S,524828.00,613.0000,-350.0000,517.0000,482.0000,174.92,90.00,167.09,2048
2025-10-31 20:29:41.225,103414,CrutchHMI-BT-74d3,S,498687.00,611.0000,-352.0000,517.0000,483.0000,174.94,90.00,167.27,2048
2025-10-31 20:29:41.256,103464,CrutchHMI-BT-74d3,S,425055.00,610.0000,-354.0000,516.0000,484.0000,175.07,90.00,167.32,2048
2025-10-31 20:29:41.317,103515,CrutchHMI-BT-74d3,S,362667.00,610.0000,-356.0000,516.0000,484.0000,175.26,90.00,167.44,2048
2025-10-31 20:29:41.370,103565,CrutchHMI-BT-74d3,S,362667.00,607.0000,-360.0000,513.0000,486.0000,175.52,90.00,167.54,2048
2025-10-31 20:29:41.401,103615,CrutchHMI-BT-74d3,S,255611.00,606.0000,-362.0000,513.0000,486.0000,175.66,90.00,167.71,2048
2025-10-31 20:29:41.453,103665,CrutchHMI-BT-74d3,S,191161.00,606.0000,-364.0000,512.0000,487.0000,175.83,90.00,167.71,2048
2025-10-31 20:29:41.514,103716,CrutchHMI-BT-74d3,S,148579.00,605.0000,-365.0000,511.0000,487.0000,175.93,90.00,167.76,2048
2025-10-31 20:29:41.565,103766,CrutchHMI-BT-74d3,S,126498.00,604.0000,-367.0000,510.0000,489.0000,175.98,90.00,167.77,2048
2025-10-31 20:29:41.617,103816,CrutchHMI-BT-74d3,S,109056.00,601.0000,-370.0000,507.0000,492.0000,176.07,90.00,167.78,2048
2025-10-31 20:29:41.658,103866,CrutchHMI-BT-74d3,S,100254.00,599.0000,-372.0000,506.0000,495.0000,175.99,90.00,167.81,2048
2025-10-31 20:29:41.710,103917,CrutchHMI-BT-74d3,S,102910.00,597.0000,-374.0000,505.0000,497.0000,175.99,90.00,167.88,2048
2025-10-31 20:29:41.761,103967,CrutchHMI-BT-74d3,S,108410.00,595.0000,-375.0000,505.0000,499.0000,175.83,90.00,167.96,2048
2025-10-31 20:29:41.822,104017,CrutchHMI-BT-74d3,S,132119.00,593.0000,-376.0000,505.0000,500.0000,175.74,90.00,168.08,2048
2025-10-31 20:29:41.863,104067,CrutchHMI-BT-74d3,S,156303.00,591.0000,-379.0000,505.0000,501.0000,175.84,90.00,168.31,2048
2025-10-31 20:29:41.916,104117,CrutchHMI-BT-74d3,S,213515.00,591.0000,-380.0000,505.0000,500.0000,176.00,90.00,168.41,2048
2025-10-31 20:29:41.977,104167,CrutchHMI-BT-74d3,S,329661.00,590.0000,-383.0000,503.0000,500.0000,176.35,90.00,168.50,2048
2025-10-31 20:29:42.007,104217,CrutchHMI-BT-74d3,S,329661.00,586.0000,-389.0000,500.0000,504.0000,176.57,90.00,168.69,2048
2025-10-31 20:29:42.111,104267,CrutchHMI-BT-74d3,S,543953.00,585.0000,-389.0000,500.0000,504.0000,176.52,90.00,168.74,2048
2025-10-31 20:29:42.111,104317,CrutchHMI-BT-74d3,S,580226.00,584.0000,-391.0000,499.0000,505.0000,176.63,90.00,168.80,2048
2025-10-31 20:29:42.163,104367,CrutchHMI-BT-74d3,S,592734.00,584.0000,-392.0000,499.0000,504.0000,176.79,90.00,168.90,2048
2025-10-31 20:29:42.204,104417,CrutchHMI-BT-74d3,S,552952.00,580.0000,-397.0000,498.0000,506.0000,176.93,90.00,169.24,2048
2025-10-31 20:29:42.266,104467,CrutchHMI-BT-74d3,S,451696.00,581.0000,-397.0000,499.0000,505.0000,177.00,90.00,169.29,2048
2025-10-31 20:29:42.338,104538,CrutchHMI-BT-74d3,S,248643.00,577.0000,-401.0000,496.0000,507.0000,177.17,90.00,169.46,2048
2025-10-31 20:29:42.379,104592,CrutchHMI-BT-74d3,S,147424.00,575.0000,-403.0000,495.0000,510.0000,177.09,90.00,169.48,2048
2025-10-31 20:29:42.450,104642,CrutchHMI-BT-74d3,S,147424.00,572.0000,-407.0000,492.0000,513.0000,177.25,90.00,169.55,2048
2025-10-31 20:29:42.482,104692,CrutchHMI-BT-74d3,S,87545.00,574.0000,-404.0000,493.0000,511.0000,177.18,90.00,169.42,2048
2025-10-31 20:29:42.533,104742,CrutchHMI-BT-74d3,S,80290.00,575.0000,-403.0000,493.0000,511.0000,177.15,90.00,169.31,2048
2025-10-31 20:29:42.585,104792,CrutchHMI-BT-74d3,S,84620.00,574.0000,-405.0000,492.0000,513.0000,177.19,90.00,169.33,2048
2025-10-31 20:29:42.646,104842,CrutchHMI-BT-74d3,S,83101.00,574.0000,-405.0000,491.0000,513.0000,177.26,90.00,169.26,2048
2025-10-31 20:29:42.698,104893,CrutchHMI-BT-74d3,S,84044.00,574.0000,-406.0000,489.0000,514.0000,177.41,90.00,169.15,2048
2025-10-31 20:29:42.739,104943,CrutchHMI-BT-74d3,S,84044.00,575.0000,-409.0000,486.0000,514.0000,177.92,90.00,169.05,2048
2025-10-31 20:29:42.791,104993,CrutchHMI-BT-74d3,S,82517.00,574.0000,-410.0000,484.0000,515.0000,178.02,90.00,168.99,2048
2025-10-31 20:29:42.853,105043,CrutchHMI-BT-74d3,S,83097.00,574.0000,-411.0000,482.0000,516.0000,178.17,90.00,168.87,2048
2025-10-31 20:29:42.905,105094,CrutchHMI-BT-74d3,S,82988.00,574.0000,-412.0000,481.0000,517.0000,178.26,90.00,168.82,2048
2025-10-31 20:29:42.956,105144,CrutchHMI-BT-74d3,S,83656.00,575.0000,-412.0000,479.0000,518.0000,178.39,90.00,168.59,2048
2025-10-31 20:29:42.986,105194,CrutchHMI-BT-74d3,S,83518.00,576.0000,-412.0000,477.0000,519.0000,178.52,90.00,168.35,2048
2025-10-31 20:29:43.039,105244,CrutchHMI-BT-74d3,S,82893.00,576.0000,-412.0000,476.0000,519.0000,178.59,90.00,168.29,2048
2025-10-31 20:29:43.101,105295,CrutchHMI-BT-74d3,S,82411.00,576.0000,-413.0000,473.0000,522.0000,178.69,90.00,168.02,2048
2025-10-31 20:29:43.153,105345,CrutchHMI-BT-74d3,S,83748.00,575.0000,-414.0000,470.0000,524.0000,178.80,90.00,167.84,2048
2025-10-31 20:29:43.185,105395,CrutchHMI-BT-74d3,S,83653.00,575.0000,-415.0000,468.0000,526.0000,178.90,90.00,167.68,2048
2025-10-31 20:29:43.287,105495,CrutchHMI-BT-74d3,S,85110.00,574.0000,-416.0000,467.0000,527.0000,178.93,90.00,167.69,2048
2025-10-31 20:29:43.349,105545,CrutchHMI-BT-74d3,S,80347.00,574.0000,-416.0000,468.0000,526.0000,178.92,90.00,167.79,2048
2025-10-31 20:29:43.400,105595,CrutchHMI-BT-74d3,S,80347.00,572.0000,-418.0000,466.0000,528.0000,178.98,90.00,167.80,2048
2025-10-31 20:29:43.441,105645,CrutchHMI-BT-74d3,S,82536.00,571.0000,-420.0000,463.0000,530.0000,179.18,90.00,167.68,2048
2025-10-31 20:29:43.482,105695,CrutchHMI-BT-74d3,S,82440.00,569.0000,-423.0000,462.0000,532.0000,179.26,90.00,167.81,2048
2025-10-31 20:29:43.535,105745,CrutchHMI-BT-74d3,S,83277.00,568.0000,-424.0000,461.0000,533.0000,179.29,90.00,167.81,2048
2025-10-31 20:29:43.596,105795,CrutchHMI-BT-74d3,S,82790.00,567.0000,-425.0000,460.0000,533.0000,179.39,90.00,167.85,2048
2025-10-31 20:29:43.638,105845,CrutchHMI-BT-74d3,S,80822.00,566.0000,-426.0000,460.0000,534.0000,179.34,90.00,167.92,2048
2025-10-31 20:29:43.710,105916,CrutchHMI-BT-74d3,S,83229.00,564.0000,-427.0000,459.0000,535.0000,179.31,90.00,167.99,2048
2025-10-31 20:29:43.761,105970,CrutchHMI-BT-74d3,S,82860.00,563.0000,-429.0000,458.0000,536.0000,179.42,90.00,168.04,2048
2025-10-31 20:29:43.813,106024,CrutchHMI-BT-74d3,S,82100.00,561.0000,-431.0000,457.0000,538.0000,179.41,90.00,168.12,2048
2025-10-31 20:29:43.875,106075,CrutchHMI-BT-74d3,S,81221.00,559.0000,-432.0000,456.0000,539.0000,179.38,90.00,168.18,2048
2025-10-31 20:29:43.917,106125,CrutchHMI-BT-74d3,S,80947.00,558.0000,-433.0000,455.0000,540.0000,179.41,90.00,168.18,2048
2025-10-31 20:29:43.959,106175,CrutchHMI-BT-74d3,S,80947.00,556.0000,-436.0000,454.0000,542.0000,179.47,90.00,168.31,2048
2025-10-31 20:29:44.010,106225,CrutchHMI-BT-74d3,S,83305.00,555.0000,-437.0000,453.0000,542.0000,179.57,90.00,168.35,2048
2025-10-31 20:29:44.092,106275,CrutchHMI-BT-74d3,S,82499.00,554.0000,-438.0000,452.0000,543.0000,179.60,90.00,168.36,2048
2025-10-31 20:29:44.123,106325,CrutchHMI-BT-74d3,S,82499.00,552.0000,-440.0000,451.0000,544.0000,179.64,90.00,168.47,2048
2025-10-31 20:29:44.174,106375,CrutchHMI-BT-74d3,S,82784.00,551.0000,-441.0000,450.0000,545.0000,179.67,90.00,168.48,2048
2025-10-31 20:29:44.216,106425,CrutchHMI-BT-74d3,S,81567.00,549.0000,-442.0000,449.0000,547.0000,179.57,90.00,168.51,2048
2025-10-31 20:29:44.268,106475,CrutchHMI-BT-74d3,S,-30552904.00,548.0000,-444.0000,448.0000,548.0000,179.68,90.00,168.56,2048
2025-10-31 20:29:44.320,106525,CrutchHMI-BT-74d3,S,81640.00,546.0000,-446.0000,447.0000,549.0000,179.73,90.00,168.67,2048
2025-10-31 20:29:44.381,106576,CrutchHMI-BT-74d3,S,81429.00,545.0000,-447.0000,446.0000,550.0000,179.76,90.00,168.68,2048
2025-10-31 20:29:44.443,106643,CrutchHMI-BT-74d3,S,83320.00,543.0000,-449.0000,445.0000,551.0000,179.80,90.00,168.79,2048
2025-10-31 20:29:44.494,106697,CrutchHMI-BT-74d3,S,80805.00,542.0000,-450.0000,444.0000,552.0000,179.83,90.00,168.80,2048
2025-10-31 20:29:44.535,106751,CrutchHMI-BT-74d3,S,83094.00,541.0000,-451.0000,443.0000,553.0000,179.86,90.00,168.80,2048
2025-10-31 20:29:44.596,106802,CrutchHMI-BT-74d3,S,82317.00,539.0000,-453.0000,442.0000,554.0000,179.90,90.00,168.92,2048
2025-10-31 20:29:44.639,106852,CrutchHMI-BT-74d3,S,82054.00,537.0000,-455.0000,441.0000,555.0000,179.94,90.00,169.03,2048
2025-10-31 20:29:44.701,106903,CrutchHMI-BT-74d3,S,81856.00,536.0000,-456.0000,439.0000,557.0000,179.98,90.00,168.93,2048
2025-10-31 20:29:44.742,106954,CrutchHMI-BT-74d3,S,81447.00,534.0000,-458.0000,438.0000,558.0000,-179.98,90.00,169.05,2048
2025-10-31 20:29:44.804,107004,CrutchHMI-BT-74d3,S,79698.00,533.0000,-459.0000,438.0000,558.0000,-179.97,90.00,169.16,2048
2025-10-31 20:29:44.845,107055,CrutchHMI-BT-74d3,S,82429.00,532.0000,-460.0000,437.0000,559.0000,-179.94,90.00,169.16,2048
2025-10-31 20:29:44.917,107109,CrutchHMI-BT-74d3,S,81432.00,531.0000,-461.0000,436.0000,560.0000,-179.91,90.00,169.17,2048
2025-10-31 20:29:44.958,107160,CrutchHMI-BT-74d3,S,82218.00,529.0000,-463.0000,434.0000,561.0000,-179.79,90.00,169.22,2048
2025-10-31 20:29:45.020,107210,CrutchHMI-BT-74d3,S,80249.00,528.0000,-464.0000,434.0000,562.0000,-179.85,90.00,169.29,2048
2025-10-31 20:29:45.093,107260,CrutchHMI-BT-74d3,S,80249.00,526.0000,-466.0000,433.0000,563.0000,-179.81,90.00,169.41,2048
2025-10-31 20:29:45.104,107310,CrutchHMI-BT-74d3,S,84574.00,525.0000,-467.0000,432.0000,564.0000,-179.78,90.00,169.41,2048
2025-10-31 20:29:45.156,107360,CrutchHMI-BT-74d3,S,82385.00,524.0000,-468.0000,431.0000,564.0000,-179.70,90.00,169.45,2048
2025-10-31 20:29:45.208,107410,CrutchHMI-BT-74d3,S,82429.00,523.0000,-469.0000,431.0000,565.0000,-179.75,90.00,169.53,2048
2025-10-31 20:29:45.260,107460,CrutchHMI-BT-74d3,S,82286.00,522.0000,-470.0000,430.0000,566.0000,-179.72,90.00,169.53,2048
2025-10-31 20:29:45.312,107510,CrutchHMI-BT-74d3,S,82812.00,521.0000,-471.0000,429.0000,567.0000,-179.70,90.00,169.54,2048
2025-10-31 20:29:45.363,107560,CrutchHMI-BT-74d3,S,81973.00,519.0000,-472.0000,428.0000,567.0000,-179.68,90.00,169.64,2048
2025-10-31 20:29:45.414,107611,CrutchHMI-BT-74d3,S,83331.00,518.0000,-473.0000,427.0000,568.0000,-179.65,90.00,169.65,2048
2025-10-31 20:29:45.446,107661,CrutchHMI-BT-74d3,S,81410.00,517.0000,-474.0000,427.0000,569.0000,-179.71,90.00,169.72,2048
2025-10-31 20:29:45.498,107711,CrutchHMI-BT-74d3,S,-30553900.00,516.0000,-475.0000,427.0000,569.0000,-179.70,90.00,169.83,2048
2025-10-31 20:29:45.551,107761,CrutchHMI-BT-74d3,S,81315.00,515.0000,-476.0000,425.0000,571.0000,-179.65,90.00,169.73,2048
2025-10-31 20:29:45.620,107811,CrutchHMI-BT-74d3,S,80629.00,513.0000,-478.0000,424.0000,572.0000,-179.62,90.00,169.85,2048
2025-10-31 20:29:45.661,107861,CrutchHMI-BT-74d3,S,-3747319.00,511.0000,-479.0000,422.0000,573.0000,-179.58,90.00,169.85,2048
2025-10-31 20:29:45.703,107911,CrutchHMI-BT-74d3,S,-3747319.00,509.0000,-481.0000,421.0000,574.0000,-179.55,90.00,169.97,2048
2025-10-31 20:29:45.765,107961,CrutchHMI-BT-74d3,S,80739.00,508.0000,-482.0000,420.0000,575.0000,-179.53,90.00,169.97,2048
2025-10-31 20:29:45.817,108011,CrutchHMI-BT-74d3,S,81593.00,507.0000,-483.0000,419.0000,576.0000,-179.50,90.00,169.98,2048
2025-10-31 20:29:45.868,108061,CrutchHMI-BT-74d3,S,81348.00,506.0000,-484.0000,418.0000,577.0000,-179.48,90.00,169.98,2048
2025-10-31 20:29:45.919,108111,CrutchHMI-BT-74d3,S,81914.00,504.0000,-486.0000,417.0000,578.0000,-179.45,90.00,170.10,2048
2025-10-31 20:29:45.971,108161,CrutchHMI-BT-74d3,S,81414.00,504.0000,-486.0000,417.0000,578.0000,-179.45,90.00,170.10,2048
2025-10-31 20:29:46.001,108211,CrutchHMI-BT-74d3,S,81414.00,502.0000,-488.0000,415.0000,579.0000,-179.35,90.00,170.15,2048
2025-10-31 20:29:46.094,108261,CrutchHMI-BT-74d3,S,81414.00,501.0000,-489.0000,415.0000,580.0000,-179.40,90.00,170.22,2048
2025-10-31 20:29:46.115,108312,CrutchHMI-BT-74d3,S,81322.00,500.0000,-490.0000,414.0000,580.0000,-179.32,90.00,170.26,2048
2025-10-31 20:29:46.167,108379,CrutchHMI-BT-74d3,S,80768.00,499.0000,-491.0000,413.0000,581.0000,-179.30,90.00,170.27,2048
2025-10-31 20:29:46.230,108433,CrutchHMI-BT-74d3,S,80827.00,497.0000,-492.0000,412.0000,582.0000,-179.34,90.00,170.34,2048
2025-10-31 20:29:46.282,108484,CrutchHMI-BT-74d3,S,-30553282.00,495.0000,-494.0000,411.0000,583.0000,-179.32,90.00,170.46,2048
2025-10-31 20:29:46.333,108534,CrutchHMI-BT-74d3,S,81977.00,494.0000,-494.0000,410.0000,584.0000,-179.36,90.00,170.42,2048
2025-10-31 20:29:46.396,108585,CrutchHMI-BT-74d3,S,81578.00,494.0000,-495.0000,409.0000,584.0000,-179.21,90.00,170.39,2048
2025-10-31 20:29:46.427,108635,CrutchHMI-BT-74d3,S,81578.00,492.0000,-497.0000,408.0000,585.0000,-179.19,90.00,170.51,2048
2025-10-31 20:29:46.478,108685,CrutchHMI-BT-74d3,S,83967.00,491.0000,-498.0000,408.0000,586.0000,-179.25,90.00,170.59,2048
2025-10-31 20:29:46.530,108735,CrutchHMI-BT-74d3,S,80866.00,490.0000,-498.0000,407.0000,587.0000,-179.29,90.00,170.55,2048
2025-10-31 20:29:46.571,108785,CrutchHMI-BT-74d3,S,82856.00,489.0000,-500.0000,406.0000,587.0000,-179.15,90.00,170.63,2048
2025-10-31 20:29:46.633,108835,CrutchHMI-BT-74d3,S,83379.00,488.0000,-500.0000,405.0000,588.0000,-179.19,90.00,170.59,2048
2025-10-31 20:29:46.695,108886,CrutchHMI-BT-74d3,S,81761.00,486.0000,-501.0000,404.0000,589.0000,-179.24,90.00,170.67,2048
2025-10-31 20:29:46.727,108936,CrutchHMI-BT-74d3,S,81761.00,485.0000,-503.0000,403.0000,590.0000,-179.15,90.00,170.72,2048
2025-10-31 20:29:46.779,108986,CrutchHMI-BT-74d3,S,82393.00,484.0000,-503.0000,403.0000,590.0000,-179.22,90.00,170.78,2048
2025-10-31 20:29:46.830,109036,CrutchHMI-BT-74d3,S,81911.00,483.0000,-504.0000,402.0000,591.0000,-179.19,90.00,170.79,2048
2025-10-31 20:29:46.881,109087,CrutchHMI-BT-74d3,S,-30553444.00,482.0000,-505.0000,401.0000,591.0000,-179.12,90.00,170.83,2048
2025-10-31 20:29:46.943,109137,CrutchHMI-BT-74d3,S,81787.00,481.0000,-506.0000,400.0000,592.0000,-179.09,90.00,170.84,2048
2025-10-31 20:29:46.994,109187,CrutchHMI-BT-74d3,S,82032.00,480.0000,-507.0000,400.0000,593.0000,-179.15,90.00,170.91,2048
2025-10-31 20:29:47.099,109237,CrutchHMI-BT-74d3,S,82133.00,479.0000,-508.0000,399.0000,593.0000,-179.08,90.00,170.95,2048
2025-10-31 20:29:47.099,109288,CrutchHMI-BT-74d3,S,321181.00,478.0000,-509.0000,398.0000,594.0000,-179.05,90.00,170.96,2048
2025-10-31 20:29:47.131,109338,CrutchHMI-BT-74d3,S,81651.00,477.0000,-510.0000,397.0000,594.0000,-178.98,90.00,171.00,2048
2025-10-31 20:29:47.183,109388,CrutchHMI-BT-74d3,S,80969.00,476.0000,-510.0000,397.0000,595.0000,-179.10,90.00,171.03,2048
2025-10-31 20:29:47.233,109438,CrutchHMI-BT-74d3,S,82779.00,474.0000,-512.0000,396.0000,596.0000,-179.09,90.00,171.15,2048
2025-10-31 20:29:47.275,109488,CrutchHMI-BT-74d3,S,80402.00,473.0000,-512.0000,395.0000,596.0000,-179.07,90.00,171.14,2048
2025-10-31 20:29:47.327,109538,CrutchHMI-BT-74d3,S,80559.00,472.0000,-513.0000,394.0000,597.0000,-179.05,90.00,171.15,2048
2025-10-31 20:29:47.391,109588,CrutchHMI-BT-74d3,S,80559.00,471.0000,-514.0000,393.0000,598.0000,-179.03,90.00,171.16,2048
2025-10-31 20:29:47.443,109638,CrutchHMI-BT-74d3,S,80731.00,470.0000,-515.0000,393.0000,598.0000,-179.04,90.00,171.27,2048
2025-10-31 20:29:47.505,109688,CrutchHMI-BT-74d3,S,81491.00,469.0000,-516.0000,392.0000,599.0000,-179.02,90.00,171.27,2048
2025-10-31 20:29:47.536,109738,CrutchHMI-BT-74d3,S,81837.00,468.0000,-516.0000,391.0000,599.0000,-179.01,90.00,171.27,2048
2025-10-31 20:29:47.587,109788,CrutchHMI-BT-74d3,S,81922.00,467.0000,-517.0000,390.0000,600.0000,-178.98,90.00,171.28,2048
2025-10-31 20:29:47.628,109838,CrutchHMI-BT-74d3,S,83485.00,466.0000,-518.0000,390.0000,600.0000,-178.99,90.00,171.39,2048
2025-10-31 20:29:47.712,109909,CrutchHMI-BT-74d3,S,82010.00,465.0000,-519.0000,388.0000,601.0000,-178.89,90.00,171.32,2048
2025-10-31 20:29:47.774,109963,CrutchHMI-BT-74d3,S,-30553672.00,464.0000,-520.0000,388.0000,602.0000,-178.95,90.00,171.40,2048
2025-10-31 20:29:47.826,110013,CrutchHMI-BT-74d3,S,-30553672.00,462.0000,-521.0000,387.0000,603.0000,-179.00,90.00,171.47,2048
2025-10-31 20:29:47.857,110063,CrutchHMI-BT-74d3,S,81491.00,461.0000,-522.0000,386.0000,603.0000,-178.93,90.00,171.51,2048
2025-10-31 20:29:47.908,110113,CrutchHMI-BT-74d3,S,80062.00,461.0000,-522.0000,385.0000,604.0000,-178.90,90.00,171.41,2048
2025-10-31 20:29:47.949,110163,CrutchHMI-BT-74d3,S,-30554616.00,459.0000,-523.0000,385.0000,604.0000,-178.98,90.00,171.59,2048
2025-10-31 20:29:47.999,110213,CrutchHMI-BT-74d3,S,81509.00,459.0000,-524.0000,384.0000,605.0000,-178.89,90.00,171.53,2048
2025-10-31 20:29:48.083,110264,CrutchHMI-BT-74d3,S,79898.00,458.0000,-525.0000,383.0000,605.0000,-178.82,90.00,171.57,2048
2025-10-31 20:29:48.103,110314,CrutchHMI-BT-74d3,S,79898.00,456.0000,-526.0000,382.0000,606.0000,-178.87,90.00,171.64,2048
2025-10-31 20:29:48.155,110364,CrutchHMI-BT-74d3,S,83036.00,456.0000,-526.0000,382.0000,606.0000,-178.87,90.00,171.64,2048
2025-10-31 20:29:48.217,110414,CrutchHMI-BT-74d3,S,80154.00,455.0000,-527.0000,381.0000,607.0000,-178.85,90.00,171.65,2048
2025-10-31 20:29:48.268,110465,CrutchHMI-BT-74d3,S,82236.00,454.0000,-528.0000,381.0000,607.0000,-178.86,90.00,171.76,2048
2025-10-31 20:29:48.310,110515,CrutchHMI-BT-74d3,S,80082.00,453.0000,-528.0000,380.0000,608.0000,-178.90,90.00,171.72,2048
2025-10-31 20:29:48.361,110565,CrutchHMI-BT-74d3,S,81243.00,452.0000,-529.0000,379.0000,608.0000,-178.83,90.00,171.76,2048
2025-10-31 20:29:48.413,110615,CrutchHMI-BT-74d3,S,81294.00,452.0000,-529.0000,379.0000,608.0000,-178.83,90.00,171.76,2048
2025-10-31 20:29:48.465,110666,CrutchHMI-BT-74d3,S,80586.00,450.0000,-530.0000,378.0000,609.0000,-178.88,90.00,171.84,2048
2025-10-31 20:29:48.516,110716,CrutchHMI-BT-74d3,S,82801.00,450.0000,-531.0000,378.0000,609.0000,-178.82,90.00,171.88,2048
2025-10-31 20:29:48.578,110766,CrutchHMI-BT-74d3,S,81633.00,449.0000,-531.0000,377.0000,610.0000,-178.86,90.00,171.84,2048
2025-10-31 20:29:48.619,110816,CrutchHMI-BT-74d3,S,80680.00,448.0000,-532.0000,376.0000,610.0000,-178.79,90.00,171.88,2048
2025-10-31 20:29:48.682,110866,CrutchHMI-BT-74d3,S,82254.00,447.0000,-533.0000,376.0000,611.0000,-178.85,90.00,171.96,2048
2025-10-31 20:29:48.702,110916,CrutchHMI-BT-74d3,S,83748.00,446.0000,-533.0000,375.0000,611.0000,-178.84,90.00,171.96,2048
2025-10-31 20:29:48.754,110966,CrutchHMI-BT-74d3,S,83748.00,445.0000,-534.0000,374.0000,612.0000,-178.82,90.00,171.96,2048
2025-10-31 20:29:48.805,111016,CrutchHMI-BT-74d3,S,81561.00,444.0000,-535.0000,374.0000,612.0000,-178.84,90.00,172.07,2048
2025-10-31 20:29:48.867,111066,CrutchHMI-BT-74d3,S,80753.00,444.0000,-535.0000,373.0000,613.0000,-178.80,90.00,171.97,2048
2025-10-31 20:29:48.918,111116,CrutchHMI-BT-74d3,S,50908.00,443.0000,-536.0000,373.0000,613.0000,-178.82,90.00,172.08,2048
2025-10-31 20:29:48.960,111166,CrutchHMI-BT-74d3,S,81473.00,442.0000,-537.0000,372.0000,614.0000,-178.80,90.00,172.09,2048
2025-10-31 20:29:49.002,111216,CrutchHMI-BT-74d3,S,82506.00,441.0000,-537.0000,371.0000,614.0000,-178.79,90.00,172.09,2048
2025-10-31 20:29:49.074,111287,CrutchHMI-BT-74d3,S,81484.00,440.0000,-538.0000,370.0000,615.0000,-178.77,90.00,172.09,2048
2025-10-31 20:29:49.136,111341,CrutchHMI-BT-74d3,S,82492.00,439.0000,-539.0000,370.0000,615.0000,-178.78,90.00,172.20,2048
2025-10-31 20:29:49.187,111395,CrutchHMI-BT-74d3,S,81374.00,438.0000,-539.0000,369.0000,615.0000,-178.77,90.00,172.20,2048
2025-10-31 20:29:49.238,111446,CrutchHMI-BT-74d3,S,80468.00,437.0000,-540.0000,368.0000,616.0000,-178.75,90.00,172.21,2048
2025-10-31 20:29:49.300,111496,CrutchHMI-BT-74d3,S,-34384480.00,437.0000,-540.0000,368.0000,616.0000,-178.75,90.00,172.21,2048
2025-10-31 20:29:49.331,111546,CrutchHMI-BT-74d3,S,-34384480.00,436.0000,-541.0000,367.0000,617.0000,-178.74,90.00,172.21,2048
2025-10-31 20:29:49.383,111596,CrutchHMI-BT-74d3,S,81370.00,435.0000,-542.0000,367.0000,617.0000,-178.75,90.00,172.32,2048
2025-10-31 20:29:49.435,111646,CrutchHMI-BT-74d3,S,81254.00,434.0000,-542.0000,366.0000,618.0000,-178.79,90.00,172.29,2048
2025-10-31 20:29:49.497,111696,CrutchHMI-BT-74d3,S,82021.00,433.0000,-543.0000,366.0000,618.0000,-178.81,90.00,172.40,2048
2025-10-31 20:29:49.549,111746,CrutchHMI-BT-74d3,S,80906.00,433.0000,-543.0000,365.0000,618.0000,-178.72,90.00,172.33,2048
2025-10-31 20:29:49.601,111796,CrutchHMI-BT-74d3,S,81988.00,432.0000,-544.0000,365.0000,619.0000,-178.79,90.00,172.41,2048
2025-10-31 20:29:49.653,111846,CrutchHMI-BT-74d3,S,82503.00,431.0000,-544.0000,364.0000,619.0000,-178.78,90.00,172.40,2048
2025-10-31 20:29:49.694,111897,CrutchHMI-BT-74d3,S,51997.00,430.0000,-545.0000,363.0000,620.0000,-178.76,90.00,172.41,2048
2025-10-31 20:29:49.744,111947,CrutchHMI-BT-74d3,S,81728.00,430.0000,-545.0000,363.0000,620.0000,-178.76,90.00,172.41,2048
2025-10-31 20:29:49.806,111997,CrutchHMI-BT-74d3,S,80479.00,429.0000,-546.0000,362.0000,620.0000,-178.69,90.00,172.45,2048
2025-10-31 20:29:49.857,112047,CrutchHMI-BT-74d3,S,81750.00,428.0000,-546.0000,362.0000,621.0000,-178.81,90.00,172.49,2048
2025-10-31 20:29:49.909,112097,CrutchHMI-BT-74d3,S,80772.00,428.0000,-547.0000,361.0000,621.0000,-178.67,90.00,172.46,2048
2025-10-31 20:29:49.961,112147,CrutchHMI-BT-74d3,S,81837.00,427.0000,-547.0000,361.0000,621.0000,-178.75,90.00,172.52,2048
2025-10-31 20:29:49.992,112197,CrutchHMI-BT-74d3,S,81837.00,426.0000,-548.0000,360.0000,622.0000,-178.73,90.00,172.53,2048
2025-10-31 20:29:50.085,112247,CrutchHMI-BT-74d3,S,81068.00,426.0000,-548.0000,360.0000,622.0000,-178.73,90.00,172.53,2048
2025-10-31 20:29:50.105,112297,CrutchHMI-BT-74d3,S,82306.00,425.0000,-549.0000,359.0000,622.0000,-178.67,90.00,172.57,2048
2025-10-31 20:29:50.136,112347,CrutchHMI-BT-74d3,S,82056.00,424.0000,-549.0000,359.0000,623.0000,-178.79,90.00,172.61,2048
2025-10-31 20:29:50.198,112397,CrutchHMI-BT-74d3,S,82755.00,423.0000,-550.0000,358.0000,623.0000,-178.72,90.00,172.65,2048
2025-10-31 20:29:50.240,112447,CrutchHMI-BT-74d3,S,80169.00,423.0000,-550.0000,358.0000,623.0000,-178.72,90.00,172.65,2048
2025-10-31 20:29:50.292,112497,CrutchHMI-BT-74d3,S,80169.00,422.0000,-551.0000,357.0000,624.0000,-178.70,90.00,172.65,2048
2025-10-31 20:29:50.343,112547,CrutchHMI-BT-74d3,S,82028.00,421.0000,-551.0000,356.0000,624.0000,-178.69,90.00,172.65,2048
2025-10-31 20:29:50.394,112598,CrutchHMI-BT-74d3,S,82590.00,421.0000,-552.0000,356.0000,625.0000,-178.69,90.00,172.66,2048
2025-10-31 20:29:50.435,112648,CrutchHMI-BT-74d3,S,-7134756.00,420.0000,-552.0000,355.0000,625.0000,-178.67,90.00,172.66,2048
2025-10-31 20:29:50.517,112719,CrutchHMI-BT-74d3,S,82404.00,419.0000,-553.0000,355.0000,625.0000,-178.70,90.00,172.77,2048
2025-10-31 20:29:50.569,112773,CrutchHMI-BT-74d3,S,82517.00,419.0000,-553.0000,355.0000,626.0000,-178.74,90.00,172.74,2048
