AlignedTime(s),Timestamp1(ms),Crutch1_Force,Crutch1_Qw,Crutch1_Qx,Crutch1_Qy,Crutch1_Qz,Timestamp2(ms),Crutch2_Force,Crutch2_Qw,Crutch2_Qx,Crutch2_Qy,Crutch2_Qz
0.0,24074,0.0,0.999,0.0,0.0,0.0,25168,184.62,0.999,-0.004,0.005,0.004
0.0505,24125,-250.05,0.999,0.001,0.003,0.002,25218,151.62,0.999,-0.006,0.008,0.007
0.101,24176,-234.52,0.999,0.0,0.007,0.004,25268,151.74,0.999,-0.008,0.012,0.009
0.151,24226,-253.26,0.999,0.0,0.012,0.007,25318,174.98,0.999,-0.009,0.016,0.012
0.20550000000000002,24285,-268.35,0.999,-0.001,0.017,0.01,25368,137.1,0.999,-0.012,0.019,0.013
0.2555,24335,-267.42,0.999,-0.005,0.023,0.013,25418,142.61,0.999,-0.014,0.022,0.014
0.3055,24385,-195.6,0.999,-0.011,0.028,0.016,25468,167.3,0.999,-0.012,0.025,0.014
0.3555,24435,-284.11,0.999,-0.016,0.033,0.02,25518,147.74,0.999,-0.008,0.028,0.014
0.406,24485,-339.38,0.998,-0.021,0.037,0.023,25569,164.8,0.999,-0.006,0.03,0.013
0.456,24535,-276.85,0.998,-0.027,0.04,0.028,25619,158.25,0.999,-0.005,0.031,0.012
0.5065,24586,-305.61,0.998,-0.027,0.043,0.034,25669,124.92,0.999,-0.004,0.032,0.01
0.5609999999999999,24644,-291.6,0.997,-0.025,0.045,0.038,25720,147.24,0.999,0.0,0.032,0.008
0.611,24694,-296.03,0.997,-0.026,0.049,0.043,25770,138.33,0.999,0.005,0.032,0.005
0.661,24744,-289.61,0.997,-0.029,0.051,0.048,25820,138.33,0.999,0.011,0.032,0.001
0.711,24794,-323.13,0.996,-0.031,0.054,0.052,25870,105.79,0.999,0.014,0.033,0.0
0.7615000000000001,24844,-282.75,0.996,-0.034,0.056,0.056,25921,170.48,0.999,0.018,0.034,-0.003
0.8125,24894,-297.69,0.995,-0.039,0.058,0.059,25973,159.63,0.999,0.022,0.035,-0.006
0.8634999999999999,24945,-287.95,0.995,-0.043,0.059,0.062,26024,148.07,0.998,0.031,0.036,-0.011
0.9175,25003,-289.37,0.995,-0.045,0.061,0.063,26074,133.22,0.998,0.033,0.038,-0.013
0.968,25053,-263.33,0.994,-0.048,0.064,0.064,26125,131.22,0.998,0.035,0.04,-0.016
1.02,25103,-302.25,0.994,-0.052,0.067,0.064,26179,119.41,0.998,0.035,0.043,-0.017
1.0705,25153,-259.63,0.993,-0.054,0.071,0.064,26230,165.64,0.997,0.039,0.046,-0.016
1.1205,25203,-314.51,0.993,-0.054,0.075,0.062,26280,144.34,0.997,0.04,0.049,-0.015
1.171,25253,-296.52,0.993,-0.053,0.078,0.06,26331,130.49,0.997,0.039,0.052,-0.014
1.222,25304,-321.67,0.993,-0.051,0.081,0.056,26382,170.87,0.997,0.038,0.059,-0.01
1.2765,25363,-302.8,0.994,-0.046,0.082,0.051,26432,149.91,0.997,0.037,0.063,-0.007
1.327,25413,-308.78,0.994,-0.037,0.081,0.045,26483,111.57,0.997,0.037,0.067,-0.004
1.379,25463,-327.36,0.995,-0.03,0.081,0.038,26537,121.14,0.996,0.035,0.072,0.0
1.4295,25513,-318.07,0.995,-0.031,0.081,0.032,26588,116.47,0.996,0.034,0.079,0.008
1.4795,25563,-301.63,0.995,-0.037,0.08,0.027,26638,133.39,0.995,0.033,0.082,0.013
1.5295,25613,-262.55,0.995,-0.041,0.079,0.024,26688,133.39,0.995,0.029,0.088,0.021
1.58,25664,-321.72,0.995,-0.039,0.078,0.022,26738,128.72,0.995,0.022,0.091,0.027
1.634,25722,-255.59,0.996,-0.035,0.078,0.021,26788,95.34,0.994,0.013,0.095,0.034
1.684,25772,-240.03,0.995,-0.034,0.079,0.022,26838,95.34,0.993,0.0,0.104,0.046
1.734,25822,-242.9,0.995,-0.036,0.082,0.023,26888,144.44,0.992,-0.002,0.108,0.051
1.784,25872,-303.62,0.995,-0.038,0.085,0.025,26938,144.94,0.991,-0.003,0.114,0.056
1.842,25922,-277.58,0.994,-0.04,0.089,0.028,27004,158.96,0.99,-0.003,0.121,0.063
1.894,25972,-281.67,0.994,-0.041,0.094,0.031,27058,114.07,0.989,0.0,0.128,0.068
1.9465,26023,-279.74,0.993,-0.042,0.099,0.035,27112,136.1,0.988,0.005,0.133,0.071
2.0010000000000003,26081,-261.0,0.992,-0.043,0.105,0.039,27163,136.22,0.987,0.01,0.138,0.072
2.051,26131,-297.25,0.991,-0.045,0.111,0.045,27213,143.57,0.987,0.012,0.141,0.071
2.1015,26181,-276.71,0.99,-0.049,0.117,0.05,27264,151.51,0.987,0.012,0.144,0.069
2.152,26231,-246.25,0.989,-0.053,0.122,0.057,27315,153.08,0.986,0.008,0.147,0.063
2.202,26281,-268.53,0.988,-0.053,0.127,0.062,27365,145.94,0.986,0.006,0.149,0.06
2.2525000000000004,26331,-306.89,0.987,-0.052,0.132,0.068,27416,147.84,0.987,0.005,0.15,0.056
2.3049999999999997,26382,-304.15,0.986,-0.059,0.136,0.074,27470,125.42,0.987,0.006,0.151,0.052
2.3595,26440,-344.55,0.985,-0.062,0.138,0.079,27521,136.16,0.987,0.011,0.152,0.047
2.4095,26490,-300.65,0.984,-0.062,0.141,0.083,27571,158.63,0.987,0.014,0.153,0.045
2.46,26540,-331.21,0.983,-0.064,0.143,0.086,27622,113.7,0.986,0.019,0.154,0.043
2.5105,26590,-281.43,0.982,-0.072,0.146,0.091,27673,115.8,0.986,0.023,0.156,0.042
2.5605,26640,-299.24,0.981,-0.077,0.148,0.095,27723,115.03,0.986,0.022,0.159,0.043
2.6115,26691,-245.18,0.98,-0.078,0.149,0.097,27774,109.07,0.985,0.018,0.162,0.045
2.664,26742,-296.32,0.98,-0.076,0.149,0.096,27828,102.45,0.984,0.017,0.166,0.049
2.7184999999999997,26800,-338.6,0.981,-0.077,0.148,0.096,27879,117.03,0.983,0.021,0.172,0.054
2.7685,26850,-303.71,0.981,-0.079,0.146,0.094,27929,3786.41,0.982,0.022,0.176,0.059
2.819,26900,-269.95,0.981,-0.081,0.145,0.092,27980,131.39,0.981,0.019,0.18,0.065
2.8695,26950,-284.0,0.981,-0.081,0.146,0.091,28031,126.38,0.979,0.014,0.186,0.076
2.9195,27000,-300.21,0.981,-0.079,0.148,0.09,28081,114.47,0.978,0.012,0.19,0.082
2.9699999999999998,27050,-231.42,0.981,-0.078,0.151,0.089,28132,144.94,0.976,0.013,0.194,0.086
3.0225,27101,-315.44,0.98,-0.08,0.154,0.09,28186,174.15,0.976,0.018,0.197,0.088
3.077,27159,-294.66,0.979,-0.083,0.157,0.091,28237,174.15,0.975,0.023,0.2,0.086
3.127,27209,-312.29,0.978,-0.086,0.161,0.092,28287,137.23,0.975,0.022,0.201,0.084
3.177,27259,-338.51,0.977,-0.089,0.164,0.093,28337,137.23,0.975,0.018,0.202,0.081
3.227,27309,-261.09,0.976,-0.094,0.167,0.094,28387,147.07,0.975,0.018,0.202,0.078
3.277,27359,-337.39,0.975,-0.099,0.17,0.097,28437,98.85,0.975,0.02,0.204,0.076
3.327,27409,-282.95,0.974,-0.103,0.172,0.1,28487,98.85,0.974,0.028,0.208,0.074
3.3775000000000004,27460,-297.78,0.973,-0.102,0.175,0.105,28537,136.6,0.974,0.032,0.21,0.074
3.4314999999999998,27518,-274.19,0.972,-0.1,0.178,0.109,28587,129.09,0.973,0.033,0.211,0.075
3.4815,27568,-302.84,0.971,-0.101,0.182,0.114,28637,136.16,0.973,0.033,0.212,0.077
3.5315000000000003,27618,-303.97,0.969,-0.103,0.186,0.119,28687,130.22,0.972,0.032,0.214,0.081
3.5815,27668,-296.41,0.968,-0.103,0.189,0.124,28737,157.42,0.972,0.033,0.216,0.083
3.6315,27718,-370.68,0.967,-0.102,0.19,0.127,28787,141.5,0.971,0.035,0.218,0.085
3.6814999999999998,27768,-272.24,0.967,-0.102,0.19,0.129,28837,117.03,0.97,0.034,0.221,0.087
3.732,27819,-324.44,0.967,-0.104,0.189,0.13,28887,126.59,0.97,0.033,0.223,0.088
3.787,27878,-257.05,0.967,-0.106,0.188,0.13,28938,131.32,0.969,0.03,0.224,0.089
3.8369999999999997,27928,-290.87,0.967,-0.107,0.188,0.13,28988,119.81,0.969,0.027,0.225,0.089
3.887,27978,-244.5,0.967,-0.106,0.19,0.129,29038,129.82,0.969,0.022,0.224,0.091
3.9370000000000003,28028,-246.05,0.966,-0.107,0.196,0.128,29088,96.61,0.969,0.021,0.224,0.091
3.987,28078,-246.4,0.964,-0.11,0.203,0.127,29138,134.76,0.97,0.02,0.223,0.093
4.037,28128,-221.58,0.962,-0.11,0.211,0.126,29188,126.82,0.97,0.016,0.221,0.094
4.0875,28179,-290.57,0.961,-0.109,0.219,0.126,29238,127.38,0.97,0.011,0.218,0.096
4.141500000000001,28237,-246.84,0.96,-0.107,0.225,0.124,29288,147.07,0.971,0.006,0.215,0.097
4.1915,28287,-288.53,0.958,-0.106,0.232,0.123,29338,160.19,0.972,0.005,0.21,0.098
4.2415,28337,-285.76,0.957,-0.109,0.238,0.121,29388,155.75,0.974,0.004,0.202,0.098
4.291499999999999,28387,-310.68,0.955,-0.115,0.243,0.119,29438,122.21,0.976,0.0,0.192,0.098
4.3415,28437,-271.41,0.953,-0.119,0.248,0.118,29488,170.04,0.979,-0.004,0.176,0.098
4.392,28487,-308.05,0.952,-0.119,0.252,0.117,29539,175.71,0.985,-0.01,0.137,0.099
4.442500000000001,28538,-316.9,0.952,-0.117,0.256,0.116,29589,186.22,0.989,-0.008,0.107,0.1
4.497,28596,-304.93,0.952,-0.116,0.258,0.116,29640,141.27,0.992,-0.002,0.072,0.1
4.5489999999999995,28646,-340.26,0.951,-0.113,0.26,0.115,29694,147.28,0.994,0.0,0.023,0.098
4.5995,28696,-295.24,0.951,-0.111,0.262,0.116,29745,65.51,0.994,0.009,-0.045,0.092
4.6495,28746,-322.94,0.95,-0.109,0.264,0.117,29795,71.52,0.991,0.017,-0.088,0.088
4.7,28796,-323.86,0.95,-0.106,0.265,0.118,29846,95.22,0.987,0.025,-0.13,0.083
4.750500000000001,28846,-327.5,0.951,-0.104,0.263,0.121,29897,124.04,0.977,0.038,-0.193,0.076
4.801,28897,-327.5,0.952,-0.103,0.258,0.124,29947,115.37,0.969,0.047,-0.229,0.072
4.856,28956,-330.42,0.953,-0.1,0.252,0.126,29998,102.68,0.96,0.054,-0.264,0.068
4.908,29006,-320.99,0.957,-0.094,0.24,0.128,30052,116.87,0.949,0.059,-0.303,0.062
4.9585,29056,-425.71,0.963,-0.087,0.218,0.128,30103,131.66,0.932,0.069,-0.35,0.056
5.0085,29106,-440.93,0.971,-0.077,0.185,0.127,30153,164.47,0.921,0.077,-0.376,0.053
5.058999999999999,29156,-447.26,0.978,-0.068,0.143,0.128,30204,184.12,0.91,0.087,-0.4,0.052
5.1095,29206,-491.4,0.984,-0.068,0.094,0.131,30255,170.43,0.894,0.099,-0.433,0.051
5.16,29257,-481.07,0.987,-0.066,0.039,0.135,30305,154.02,0.884,0.107,-0.451,0.051
5.214499999999999,29315,-472.66,0.988,-0.06,-0.008,0.14,30356,166.64,0.874,0.114,-0.467,0.052
5.266500000000001,29365,-449.65,0.985,-0.056,-0.064,0.144,30410,157.02,0.864,0.124,-0.484,0.054
5.317,29415,-338.16,0.98,-0.057,-0.119,0.146,30461,193.34,0.851,0.135,-0.503,0.056
5.367,29465,-298.6,0.972,-0.056,-0.169,0.148,30511,201.14,0.844,0.14,-0.513,0.056
5.4175,29515,-306.78,0.963,-0.049,-0.214,0.15,30562,209.08,0.839,0.143,-0.52,0.055
5.468,29565,-243.33,0.953,-0.039,-0.257,0.153,30613,215.7,0.832,0.152,-0.529,0.057
5.5184999999999995,29616,-277.14,0.941,-0.038,-0.298,0.153,30663,249.41,0.829,0.154,-0.533,0.055
5.573,29674,-204.3,0.929,-0.039,-0.333,0.151,30714,243.23,0.828,0.153,-0.536,0.05
5.625,29724,-209.61,0.916,-0.037,-0.369,0.149,30768,189.12,0.827,0.154,-0.537,0.046
5.6754999999999995,29774,-132.48,0.903,-0.036,-0.4,0.144,30819,223.27,0.827,0.155,-0.537,0.041
5.7255,29824,-119.75,0.891,-0.039,-0.429,0.137,30869,223.27,0.828,0.154,-0.536,0.037
5.776,29874,-108.65,0.88,-0.039,-0.453,0.129,30920,225.33,0.829,0.155,-0.535,0.034
5.826499999999999,29924,-128.89,0.87,-0.039,-0.475,0.121,30971,208.31,0.83,0.157,-0.533,0.031
5.877,29975,-185.03,0.861,-0.041,-0.494,0.112,31021,208.31,0.831,0.159,-0.531,0.03
5.9315,30033,-131.23,0.853,-0.044,-0.508,0.104,31072,210.52,0.832,0.16,-0.53,0.028
5.984,30084,-101.54,0.846,-0.047,-0.521,0.095,31126,186.72,0.833,0.16,-0.527,0.027
6.0344999999999995,30134,-73.86,0.84,-0.047,-0.531,0.089,31177,159.25,0.837,0.156,-0.522,0.025
6.0845,30184,-95.52,0.836,-0.047,-0.539,0.086,31227,193.46,0.841,0.154,-0.516,0.025
6.135,30234,-78.77,0.833,-0.049,-0.544,0.085,31278,196.97,0.846,0.153,-0.508,0.028
6.185499999999999,30284,-67.58,0.83,-0.05,-0.547,0.087,31329,195.07,0.857,0.151,-0.489,0.034
6.236000000000001,30335,-74.53,0.829,-0.049,-0.548,0.094,31379,164.53,0.866,0.146,-0.475,0.037
6.2905,30393,-53.18,0.828,-0.045,-0.547,0.104,31430,179.88,0.876,0.14,-0.457,0.041
6.342499999999999,30443,-112.19,0.828,-0.042,-0.546,0.116,31484,200.14,0.89,0.133,-0.432,0.047
6.393,30493,-93.42,0.827,-0.041,-0.545,0.127,31535,177.28,0.909,0.122,-0.393,0.057
6.443,30543,-73.95,0.826,-0.039,-0.543,0.139,31585,170.04,0.921,0.116,-0.365,0.065
6.4935,30593,-93.36,0.825,-0.038,-0.542,0.15,31636,155.96,0.932,0.114,-0.334,0.072
6.5440000000000005,30643,-94.35,0.824,-0.038,-0.541,0.16,31687,119.04,0.949,0.114,-0.278,0.084
6.5945,30694,-82.96,0.823,-0.041,-0.54,0.168,31737,154.85,0.96,0.108,-0.241,0.089
6.649,30752,-51.67,0.822,-0.044,-0.538,0.174,31788,174.31,0.97,0.098,-0.201,0.094
6.7010000000000005,30802,-85.19,0.824,-0.05,-0.533,0.18,31842,165.03,0.979,0.085,-0.151,0.1
6.7515,30852,-66.36,0.828,-0.055,-0.524,0.187,31893,166.09,0.988,0.066,-0.083,0.109
6.801500000000001,30902,-89.68,0.834,-0.059,-0.511,0.196,31943,170.7,0.99,0.055,-0.042,0.115
6.8515,30952,-66.7,0.842,-0.063,-0.492,0.207,31993,170.7,0.991,0.041,0.022,0.122
6.9015,31002,-109.24,0.852,-0.063,-0.468,0.221,32043,177.21,0.989,0.034,0.06,0.124
6.952,31053,-103.14,0.864,-0.062,-0.438,0.237,32093,180.32,0.987,0.027,0.094,0.126
7.006,31111,-160.13,0.874,-0.06,-0.408,0.252,32143,180.32,0.98,0.014,0.148,0.127
7.056,31161,-167.86,0.887,-0.062,-0.368,0.269,32193,173.94,0.976,0.006,0.172,0.128
7.106,31211,-155.8,0.9,-0.066,-0.323,0.283,32243,117.58,0.972,0.004,0.192,0.128
7.156000000000001,31261,-200.22,0.912,-0.074,-0.274,0.294,32293,213.76,0.969,0.0,0.209,0.129
7.2059999999999995,31311,-260.65,0.922,-0.081,-0.222,0.305,32343,187.83,0.965,-0.007,0.226,0.13
7.257,31362,-286.69,0.93,-0.088,-0.166,0.314,32394,175.77,0.962,-0.012,0.237,0.13
7.307,31412,-276.61,0.936,-0.094,-0.108,0.32,32444,175.27,0.96,-0.015,0.243,0.131
7.3614999999999995,31471,-352.32,0.939,-0.1,-0.057,0.323,32494,133.33,0.958,-0.017,0.25,0.133
7.412,31521,-358.21,0.939,-0.11,0.0,0.323,32545,139.4,0.956,-0.018,0.256,0.134
7.462,31571,-396.81,0.937,-0.12,0.053,0.322,32595,145.28,0.955,-0.018,0.259,0.137
7.5120000000000005,31621,-373.98,0.932,-0.131,0.102,0.319,32645,167.81,0.954,-0.018,0.261,0.138
7.562,31671,-421.66,0.926,-0.142,0.143,0.316,32695,163.59,0.954,-0.018,0.263,0.141
7.612500000000001,31721,-356.9,0.92,-0.15,0.178,0.312,32746,190.46,0.953,-0.018,0.264,0.143
7.663,31772,-376.08,0.915,-0.149,0.209,0.307,32796,161.92,0.952,-0.019,0.266,0.144
7.7170000000000005,31830,-364.25,0.912,-0.149,0.231,0.303,32846,168.7,0.952,-0.017,0.267,0.146
7.7675,31880,-312.09,0.907,-0.155,0.25,0.299,32897,168.7,0.951,-0.016,0.269,0.148
7.8175,31930,-359.91,0.903,-0.161,0.265,0.296,32947,166.37,0.95,-0.015,0.27,0.149
7.8675,31980,-334.86,0.9,-0.165,0.277,0.292,32997,148.41,0.95,-0.016,0.271,0.151
7.9175,32030,-255.21,0.897,-0.169,0.285,0.289,33047,134.56,0.949,-0.016,0.273,0.154
7.968,32080,-307.85,0.895,-0.176,0.291,0.287,33098,177.05,0.948,-0.017,0.275,0.156
8.0185,32131,-331.5,0.892,-0.182,0.294,0.287,33148,177.05,0.946,-0.02,0.278,0.16
8.0725,32189,-267.47,0.892,-0.179,0.298,0.284,33198,168.37,0.945,-0.02,0.281,0.161
8.122499999999999,32239,-299.3,0.892,-0.178,0.302,0.283,33248,148.84,0.944,-0.02,0.284,0.163
8.182500000000001,32289,-273.4,0.89,-0.182,0.303,0.285,33318,179.38,0.942,-0.019,0.289,0.166
8.2345,32339,-266.54,0.888,-0.186,0.304,0.288,33372,146.95,0.94,-0.021,0.293,0.168
8.2865,32389,-325.81,0.886,-0.186,0.308,0.288,33426,151.58,0.939,-0.021,0.297,0.17
8.337,32439,-297.87,0.884,-0.188,0.311,0.29,33477,151.58,0.937,-0.02,0.302,0.173
8.3875,32490,-286.16,0.882,-0.19,0.315,0.291,33527,135.66,0.935,-0.022,0.304,0.175
8.442499999999999,32549,-255.5,0.881,-0.191,0.319,0.291,33578,147.45,0.934,-0.029,0.306,0.18
8.493,32599,-257.73,0.879,-0.191,0.324,0.291,33629,172.27,0.931,-0.034,0.309,0.186
8.543,32649,-280.79,0.877,-0.192,0.329,0.291,33679,142.4,0.93,-0.034,0.312,0.188
8.593499999999999,32699,-280.12,0.875,-0.197,0.332,0.291,33730,178.65,0.928,-0.034,0.316,0.19
8.644,32749,-317.78,0.873,-0.201,0.333,0.292,33781,178.65,0.926,-0.038,0.321,0.193
8.693999999999999,32799,-319.88,0.871,-0.204,0.335,0.292,33831,148.61,0.924,-0.041,0.324,0.196
8.745000000000001,32850,-280.99,0.87,-0.205,0.337,0.292,33882,152.41,0.923,-0.043,0.326,0.197
8.801,32908,-254.92,0.869,-0.205,0.339,0.292,33936,176.11,0.921,-0.042,0.329,0.198
8.851500000000001,32958,-332.91,0.868,-0.205,0.341,0.293,33987,145.61,0.92,-0.041,0.333,0.199
8.901499999999999,33008,-279.68,0.867,-0.206,0.344,0.293,34037,192.13,0.919,-0.041,0.335,0.199
8.952,33058,-276.82,0.866,-0.208,0.345,0.294,34088,119.7,0.919,-0.042,0.336,0.199
9.004000000000001,33108,-293.64,0.865,-0.21,0.347,0.294,34142,147.34,0.918,-0.046,0.337,0.199
9.0545,33158,-293.64,0.863,-0.212,0.348,0.295,34193,91.44,0.918,-0.049,0.339,0.198
9.105,33209,-294.13,0.862,-0.214,0.349,0.296,34243,154.25,0.917,-0.051,0.34,0.197
9.158999999999999,33267,-283.13,0.861,-0.215,0.351,0.297,34293,154.25,0.916,-0.054,0.342,0.198
9.209,33317,-285.57,0.86,-0.215,0.353,0.297,34343,121.71,0.915,-0.057,0.343,0.199
9.259,33367,-307.03,0.858,-0.217,0.354,0.299,34393,169.2,0.915,-0.06,0.344,0.201
9.309000000000001,33417,-235.65,0.856,-0.219,0.356,0.3,34443,169.2,0.913,-0.06,0.346,0.204
9.359,33467,-291.45,0.855,-0.219,0.358,0.301,34493,200.97,0.912,-0.06,0.347,0.206
9.408999999999999,33517,-288.15,0.853,-0.219,0.361,0.303,34543,148.28,0.911,-0.06,0.349,0.208
9.467500000000001,33568,-251.95,0.852,-0.219,0.364,0.304,34609,149.68,0.909,-0.061,0.351,0.211
9.524000000000001,33627,-310.86,0.851,-0.219,0.366,0.305,34663,149.18,0.908,-0.061,0.354,0.213
9.576,33677,-265.43,0.849,-0.219,0.368,0.306,34717,187.56,0.907,-0.061,0.356,0.214
9.6265,33727,-309.66,0.847,-0.22,0.371,0.307,34768,175.77,0.905,-0.06,0.359,0.216
9.6765,33777,-274.52,0.846,-0.221,0.373,0.308,34818,174.71,0.904,-0.06,0.361,0.217
9.727,33827,-257.15,0.844,-0.222,0.375,0.309,34869,159.19,0.903,-0.061,0.363,0.218
9.7775,33877,-248.0,0.843,-0.223,0.377,0.309,34920,132.89,0.902,-0.061,0.366,0.218
9.828,33928,-309.95,0.841,-0.224,0.379,0.31,34970,187.62,0.901,-0.061,0.367,0.218
9.8825,33986,-267.95,0.84,-0.225,0.381,0.31,35021,231.01,0.901,-0.062,0.368,0.219
9.933,34036,-305.72,0.839,-0.226,0.384,0.31,35072,347.32,0.899,-0.062,0.371,0.22
9.983,34086,-291.8,0.837,-0.227,0.387,0.311,35122,403.49,0.898,-0.064,0.372,0.222
10.0335,34136,-250.39,0.836,-0.227,0.389,0.311,35173,510.45,0.897,-0.066,0.373,0.223
10.0835,34186,-288.38,0.834,-0.228,0.392,0.311,35223,510.45,0.895,-0.07,0.375,0.226
10.133500000000002,34236,-292.33,0.834,-0.227,0.394,0.311,35273,895.16,0.894,-0.071,0.377,0.228
10.184,34287,-209.23,0.833,-0.227,0.395,0.312,35323,1321.68,0.893,-0.071,0.378,0.228
10.288,34395,-260.65,0.831,-0.228,0.398,0.313,35423,1870.23,0.891,-0.069,0.383,0.23
10.338000000000001,34445,-269.41,0.829,-0.229,0.399,0.314,35473,2232.84,0.89,-0.068,0.385,0.23
10.388,34495,-305.46,0.828,-0.23,0.401,0.314,35523,2685.46,0.889,-0.068,0.387,0.231
10.437999999999999,34545,-296.52,0.827,-0.23,0.403,0.315,35573,3192.08,0.887,-0.073,0.389,0.233
10.488,34595,-339.33,0.826,-0.23,0.404,0.315,35623,4370.96,0.886,-0.077,0.39,0.236
10.538499999999999,34646,-271.31,0.826,-0.232,0.404,0.316,35673,5556.37,0.884,-0.08,0.392,0.237
10.593,34704,-244.56,0.825,-0.232,0.404,0.317,35724,6593.19,0.883,-0.079,0.397,0.236
10.6435,34755,-299.0,0.825,-0.233,0.403,0.317,35774,7292.94,0.882,-0.076,0.4,0.235
10.6935,34805,-336.66,0.824,-0.236,0.403,0.318,35824,8242.0,0.88,-0.075,0.403,0.235
10.744,34855,-265.87,0.823,-0.24,0.402,0.319,35875,8928.95,0.878,-0.078,0.406,0.236
10.794,34905,-293.79,0.821,-0.243,0.402,0.321,35925,9349.57,0.876,-0.079,0.409,0.237
10.844000000000001,34955,-270.19,0.819,-0.246,0.404,0.322,35975,9847.08,0.875,-0.079,0.412,0.238
10.8945,35006,-267.22,0.817,-0.248,0.405,0.323,36025,12181.38,0.874,-0.08,0.414,0.239
10.949,35064,-293.06,0.815,-0.249,0.409,0.324,36076,11087.16,0.871,-0.088,0.415,0.244
10.998999999999999,35114,597.81,0.813,-0.251,0.412,0.323,36126,10956.27,0.869,-0.096,0.415,0.248
11.049,35164,1400.23,0.81,-0.255,0.415,0.325,36176,11166.8,0.868,-0.096,0.416,0.249
11.099,35214,1783.94,0.805,-0.262,0.417,0.328,36226,11288.62,0.867,-0.095,0.419,0.25
11.149000000000001,35264,8934.65,0.803,-0.261,0.423,0.327,36276,11479.52,0.865,-0.097,0.421,0.251
11.199,35314,3328.83,0.8,-0.262,0.427,0.326,36326,11436.53,0.864,-0.099,0.422,0.253
11.249500000000001,35365,4851.19,0.795,-0.274,0.427,0.33,36376,11436.53,0.862,-0.1,0.425,0.253
11.3035,35423,25395.51,0.792,-0.279,0.429,0.33,36426,11603.13,0.861,-0.102,0.426,0.254
11.3535,35473,5255.83,0.79,-0.28,0.433,0.329,36476,11930.03,0.86,-0.104,0.427,0.255
11.403500000000001,35523,7177.81,0.788,-0.28,0.437,0.329,36526,12162.69,0.859,-0.106,0.429,0.255
11.4535,35573,7516.32,0.787,-0.279,0.44,0.329,36576,12493.76,0.858,-0.108,0.431,0.256
11.503499999999999,35623,7632.75,0.785,-0.28,0.442,0.33,36626,12674.38,0.857,-0.109,0.432,0.256
11.5535,35673,7968.16,0.783,-0.283,0.443,0.331,36676,13030.32,0.856,-0.109,0.434,0.256
11.604,35724,8376.49,0.781,-0.285,0.443,0.332,36726,13087.78,0.854,-0.111,0.436,0.258
11.658000000000001,35782,8606.8,0.78,-0.287,0.445,0.332,36776,13158.74,0.853,-0.112,0.437,0.258
11.707999999999998,35832,8687.32,0.778,-0.287,0.446,0.332,36826,13402.17,0.852,-0.113,0.438,0.259
11.758,35882,8740.66,0.777,-0.29,0.447,0.333,36876,13410.05,0.851,-0.113,0.44,0.26
11.808,35932,8802.73,0.775,-0.291,0.448,0.334,36926,13453.73,0.85,-0.114,0.441,0.261
11.858,35982,8829.01,0.774,-0.292,0.449,0.334,36976,13414.89,0.849,-0.116,0.442,0.262
11.9085,36033,8916.21,0.773,-0.294,0.45,0.335,37026,13414.89,0.847,-0.117,0.444,0.264
11.9585,36083,9033.37,0.772,-0.295,0.451,0.335,37076,13323.95,0.847,-0.118,0.445,0.264
12.013,36142,9106.9,0.771,-0.296,0.452,0.335,37126,13363.33,0.846,-0.119,0.445,0.266
12.063500000000001,36192,9072.84,0.769,-0.298,0.452,0.336,37177,13363.33,0.844,-0.123,0.446,0.269
12.113499999999998,36242,9031.29,0.768,-0.3,0.453,0.336,37227,13222.95,0.843,-0.124,0.447,0.27
12.163499999999999,36292,9128.94,0.768,-0.3,0.454,0.336,37277,13187.01,0.842,-0.126,0.448,0.272
12.2135,36342,9096.92,0.767,-0.301,0.455,0.335,37327,13143.56,0.84,-0.127,0.449,0.273
12.2635,36392,9014.94,0.766,-0.302,0.455,0.336,37377,13211.31,0.839,-0.128,0.45,0.275
12.314499999999999,36443,9042.97,0.765,-0.304,0.455,0.336,37428,13219.32,0.837,-0.13,0.451,0.277
12.368500000000001,36501,9072.16,0.764,-0.305,0.456,0.336,37478,13275.72,0.836,-0.131,0.453,0.278
12.4185,36551,9003.7,0.764,-0.305,0.457,0.336,37528,13395.53,0.834,-0.132,0.454,0.28
12.469,36601,8910.22,0.762,-0.307,0.457,0.337,37579,13346.1,0.833,-0.133,0.456,0.281
12.519,36651,8889.84,0.761,-0.309,0.458,0.337,37629,13426.97,0.832,-0.134,0.457,0.282
12.568999999999999,36701,8973.72,0.76,-0.31,0.459,0.337,37679,13454.06,0.831,-0.135,0.458,0.283
12.619,36751,8504.27,0.759,-0.311,0.46,0.338,37729,13433.31,0.829,-0.136,0.46,0.284
12.67,36802,8946.66,0.758,-0.311,0.461,0.338,37780,13351.27,0.828,-0.138,0.462,0.285
12.724,36860,9020.09,0.757,-0.312,0.462,0.339,37830,13204.53,0.826,-0.139,0.463,0.286
12.774000000000001,36910,9142.56,0.756,-0.313,0.462,0.339,37880,12959.29,0.824,-0.142,0.465,0.288
12.8245,36960,9245.23,0.755,-0.314,0.463,0.34,37931,12657.46,0.822,-0.145,0.467,0.29
12.874500000000001,37010,9280.32,0.754,-0.314,0.464,0.34,37981,12260.93,0.82,-0.148,0.468,0.293
12.9245,37060,9266.63,0.752,-0.315,0.465,0.341,38031,12181.0,0.817,-0.151,0.47,0.295
12.974499999999999,37110,9324.88,0.751,-0.316,0.466,0.341,38081,12750.24,0.814,-0.154,0.473,0.298
13.025500000000001,37161,9323.76,0.75,-0.316,0.468,0.342,38132,13061.46,0.81,-0.158,0.476,0.301
13.08,37220,9256.53,0.749,-0.316,0.468,0.343,38182,13061.46,0.805,-0.162,0.48,0.306
13.129999999999999,37270,9306.92,0.748,-0.317,0.469,0.343,38232,14574.15,0.802,-0.168,0.481,0.31
13.18,37320,9362.79,0.747,-0.318,0.47,0.344,38282,14321.67,0.798,-0.172,0.483,0.314
13.239999999999998,37370,9249.9,0.746,-0.318,0.47,0.345,38352,15477.59,0.792,-0.178,0.486,0.32
13.292,37420,9153.65,0.745,-0.319,0.47,0.346,38406,16607.37,0.787,-0.185,0.488,0.326
13.344000000000001,37470,9249.52,0.744,-0.321,0.471,0.348,38460,16852.84,0.783,-0.188,0.491,0.329
13.395,37521,9397.13,0.742,-0.322,0.471,0.349,38511,16152.71,0.779,-0.192,0.495,0.332
13.449000000000002,37579,9397.04,0.74,-0.323,0.472,0.352,38561,16248.33,0.776,-0.194,0.497,0.334
13.499500000000001,37629,9636.44,0.738,-0.325,0.473,0.354,38612,16563.71,0.773,-0.194,0.5,0.335
13.55,37679,10081.75,0.735,-0.325,0.475,0.355,38663,15953.51,0.769,-0.196,0.504,0.337
13.6,37729,10618.11,0.733,-0.324,0.478,0.357,38713,15424.09,0.767,-0.198,0.506,0.338
13.650500000000001,37779,10991.22,0.729,-0.327,0.479,0.36,38764,15424.09,0.765,-0.2,0.509,0.339
13.700500000000002,37829,11333.15,0.725,-0.33,0.481,0.363,38814,15424.09,0.76,-0.201,0.514,0.34
13.750499999999999,37879,11353.91,0.722,-0.331,0.484,0.364,38864,14977.37,0.758,-0.203,0.517,0.34
13.805,37938,11524.66,0.718,-0.334,0.486,0.368,38914,15028.0,0.755,-0.205,0.52,0.34
13.855,37988,12096.68,0.712,-0.34,0.488,0.371,38964,15427.26,0.751,-0.206,0.526,0.338
13.905000000000001,38038,13064.1,0.707,-0.343,0.492,0.373,39014,15728.56,0.748,-0.209,0.529,0.338
13.9555,38088,12787.13,0.703,-0.345,0.495,0.373,39065,16583.18,0.745,-0.213,0.533,0.337
14.0055,38138,13108.48,0.7,-0.348,0.497,0.374,39115,16583.18,0.741,-0.219,0.535,0.338
14.0555,38188,13326.56,0.696,-0.352,0.498,0.376,39165,15943.39,0.739,-0.22,0.538,0.338
14.106,38239,13839.6,0.695,-0.353,0.5,0.376,39215,15907.24,0.737,-0.221,0.541,0.338
14.170000000000002,38297,13681.42,0.693,-0.352,0.503,0.375,39285,15041.51,0.732,-0.225,0.545,0.339
14.2225,38348,13710.22,0.692,-0.35,0.506,0.375,39339,15041.51,0.729,-0.23,0.546,0.341
14.273,38398,13630.92,0.692,-0.347,0.509,0.374,39390,15041.51,0.724,-0.24,0.547,0.342
14.323,38448,13930.89,0.691,-0.345,0.512,0.374,39440,3319.84,0.721,-0.245,0.548,0.342
14.3735,38498,14079.97,0.69,-0.344,0.514,0.373,39491,805.71,0.72,-0.245,0.551,0.34
14.4255,38548,14368.99,0.69,-0.343,0.517,0.371,39545,352.16,0.728,-0.228,0.555,0.329
14.476500000000001,38599,14822.21,0.689,-0.343,0.519,0.37,39596,352.16,0.742,-0.204,0.552,0.32
14.5305,38657,15495.03,0.688,-0.342,0.522,0.368,39646,352.16,0.75,-0.197,0.542,0.321
14.581,38707,15371.3,0.688,-0.339,0.525,0.366,39697,62.07,0.758,-0.195,0.529,0.326
14.631,38757,15726.69,0.685,-0.343,0.526,0.366,39747,62.07,0.776,-0.181,0.507,0.325
14.681000000000001,38807,16276.14,0.682,-0.349,0.527,0.366,39797,49.16,0.788,-0.168,0.497,0.32
14.731,38857,15882.21,0.68,-0.348,0.531,0.364,39847,59.17,0.798,-0.155,0.488,0.316
14.780999999999999,38907,14893.82,0.678,-0.348,0.535,0.363,39897,4.17,0.806,-0.146,0.479,0.314
14.8315,38958,13859.89,0.675,-0.348,0.537,0.363,39947,6.77,0.815,-0.135,0.469,0.31
14.886,39016,11948.72,0.674,-0.348,0.539,0.363,39998,26.97,0.821,-0.121,0.465,0.306
14.936,39066,11051.51,0.673,-0.348,0.541,0.363,40048,31.03,0.823,-0.11,0.466,0.302
14.986,39116,10419.88,0.672,-0.349,0.541,0.363,40098,56.23,0.824,-0.102,0.469,0.299
15.0365,39166,9674.25,0.672,-0.349,0.542,0.362,40149,18.02,0.822,-0.095,0.475,0.296
15.086500000000001,39216,9305.9,0.672,-0.349,0.542,0.361,40199,-20.12,0.82,-0.09,0.48,0.294
15.1365,39266,8870.28,0.673,-0.348,0.543,0.36,40249,21.08,0.816,-0.084,0.49,0.292
15.187000000000001,39317,8601.72,0.673,-0.347,0.544,0.358,40299,43.78,0.813,-0.082,0.497,0.291
15.2415,39375,8100.16,0.673,-0.347,0.545,0.358,40350,34.2,0.808,-0.085,0.504,0.29
15.2915,39425,8015.75,0.673,-0.346,0.546,0.357,40400,34.2,0.806,-0.09,0.505,0.292
15.3415,39475,8029.07,0.672,-0.346,0.547,0.357,40450,1598.73,0.805,-0.09,0.507,0.291
15.3915,39525,8015.35,0.673,-0.344,0.548,0.356,40500,3163.04,0.804,-0.091,0.51,0.291
15.442,39575,8049.42,0.673,-0.342,0.549,0.355,40551,3163.04,0.801,-0.096,0.513,0.291
15.4925,39626,8060.31,0.674,-0.34,0.551,0.354,40601,5925.99,0.799,-0.1,0.515,0.291
15.5425,39676,8135.05,0.674,-0.339,0.553,0.352,40651,7572.95,0.798,-0.099,0.519,0.288
15.597,39735,7920.37,0.674,-0.337,0.554,0.351,40701,8744.12,0.796,-0.099,0.523,0.286
15.647,39785,7765.11,0.674,-0.336,0.555,0.35,40751,9486.03,0.793,-0.102,0.527,0.284
15.6975,39835,7604.54,0.674,-0.335,0.556,0.35,40802,10472.84,0.79,-0.104,0.532,0.282
15.747499999999999,39885,7616.84,0.675,-0.333,0.557,0.348,40852,11380.52,0.788,-0.106,0.536,0.279
15.7975,39935,7552.87,0.676,-0.331,0.558,0.347,40902,11961.78,0.785,-0.111,0.541,0.278
15.847999999999999,39985,7440.91,0.676,-0.329,0.56,0.345,40953,13015.36,0.782,-0.118,0.544,0.278
15.8985,40036,7239.55,0.676,-0.328,0.562,0.344,41003,13755.54,0.779,-0.125,0.546,0.278
15.9525,40094,7620.34,0.675,-0.328,0.563,0.344,41053,13755.54,0.775,-0.134,0.549,0.279
16.0025,40144,8286.86,0.674,-0.33,0.564,0.342,41103,14423.36,0.772,-0.139,0.552,0.279
16.053,40194,9770.01,0.673,-0.33,0.567,0.338,41154,15166.6,0.77,-0.143,0.555,0.279
16.103,40244,11020.62,0.673,-0.332,0.569,0.335,41204,15900.9,0.767,-0.145,0.558,0.278
16.153,40294,12608.32,0.671,-0.334,0.571,0.331,41254,16556.91,0.764,-0.15,0.561,0.278
16.2035,40344,13921.4,0.67,-0.337,0.573,0.328,41305,17033.73,0.761,-0.156,0.563,0.278
16.254,40395,15356.85,0.669,-0.34,0.575,0.324,41355,16946.68,0.759,-0.16,0.565,0.278
16.308,40453,16834.01,0.668,-0.341,0.577,0.32,41405,17043.97,0.757,-0.163,0.567,0.278
16.357999999999997,40503,17375.03,0.668,-0.342,0.578,0.317,41455,16906.84,0.754,-0.168,0.569,0.279
16.4085,40553,17604.02,0.666,-0.345,0.58,0.315,41506,17071.71,0.752,-0.169,0.571,0.278
16.4585,40603,17564.17,0.663,-0.349,0.581,0.314,41556,17739.36,0.751,-0.172,0.572,0.279
16.508499999999998,40653,17279.82,0.661,-0.352,0.583,0.312,41606,17730.85,0.748,-0.176,0.573,0.281
16.559,40703,17054.47,0.658,-0.356,0.584,0.312,41657,18324.42,0.746,-0.181,0.573,0.283
16.6095,40754,17484.56,0.654,-0.362,0.584,0.313,41707,18305.79,0.745,-0.185,0.573,0.285
16.6645,40813,17305.6,0.652,-0.365,0.584,0.313,41758,17387.39,0.743,-0.187,0.574,0.285
16.715,40863,17681.68,0.65,-0.368,0.585,0.312,41809,17770.86,0.741,-0.186,0.578,0.284
16.765,40913,18011.14,0.647,-0.37,0.587,0.312,41859,18322.08,0.739,-0.189,0.578,0.285
16.8155,40963,18211.66,0.643,-0.374,0.588,0.314,41910,18332.38,0.738,-0.193,0.578,0.286
16.866,41013,18319.04,0.639,-0.377,0.59,0.315,41961,18820.42,0.737,-0.195,0.579,0.286
16.916,41063,18202.46,0.635,-0.38,0.592,0.316,42011,18736.65,0.737,-0.196,0.579,0.287
16.9665,41113,17783.72,0.631,-0.383,0.594,0.318,42062,18455.7,0.736,-0.199,0.578,0.288
17.023,41172,17745.8,0.625,-0.387,0.595,0.32,42116,17706.82,0.736,-0.201,0.576,0.29
17.0735,41222,17687.56,0.621,-0.389,0.598,0.321,42167,17679.92,0.737,-0.202,0.573,0.294
17.1235,41272,16803.01,0.617,-0.389,0.602,0.322,42217,18004.52,0.736,-0.204,0.57,0.298
17.174,41322,15393.15,0.613,-0.39,0.605,0.323,42268,18040.69,0.736,-0.205,0.568,0.304
17.2245,41372,14451.52,0.607,-0.395,0.606,0.326,42319,17284.7,0.734,-0.21,0.563,0.314
17.2745,41422,14073.65,0.6,-0.403,0.606,0.329,42369,17284.7,0.733,-0.21,0.561,0.319
17.325499999999998,41473,13962.95,0.598,-0.405,0.608,0.327,42420,16076.11,0.732,-0.213,0.558,0.325
17.381500000000003,41531,12643.88,0.599,-0.403,0.61,0.324,42474,15416.81,0.729,-0.221,0.553,0.335
17.432000000000002,41581,10431.41,0.597,-0.402,0.613,0.323,42525,15416.81,0.726,-0.228,0.549,0.344
17.482,41631,6681.5,0.59,-0.409,0.611,0.331,42575,14329.51,0.725,-0.229,0.548,0.346
17.5325,41681,921.53,0.586,-0.411,0.608,0.34,42626,13821.72,0.723,-0.231,0.548,0.349
17.583,41731,-342.39,0.594,-0.403,0.603,0.345,42677,13125.54,0.719,-0.238,0.545,0.357
17.633000000000003,41781,-359.0,0.607,-0.395,0.59,0.353,42727,12178.37,0.717,-0.242,0.543,0.362
17.683999999999997,41832,-308.82,0.62,-0.393,0.57,0.366,42778,11328.16,0.715,-0.244,0.543,0.365
17.740000000000002,41890,-308.82,0.629,-0.397,0.55,0.379,42832,10798.81,0.712,-0.246,0.543,0.368
17.791,41941,-301.72,0.635,-0.404,0.527,0.392,42883,10837.56,0.708,-0.252,0.541,0.375
17.841,41991,-287.76,0.643,-0.409,0.507,0.4,42933,10748.45,0.705,-0.257,0.54,0.379
17.8915,42041,-223.28,0.649,-0.413,0.49,0.408,42984,11142.83,0.701,-0.262,0.539,0.384
17.942,42091,-231.66,0.652,-0.419,0.477,0.413,43035,11777.67,0.693,-0.274,0.536,0.393
17.992,42141,-237.15,0.651,-0.428,0.465,0.419,43085,12892.58,0.689,-0.279,0.537,0.397
18.043,42192,-277.44,0.649,-0.436,0.457,0.422,43136,14777.46,0.684,-0.282,0.539,0.399
18.097499999999997,42250,-250.43,0.649,-0.439,0.455,0.422,43187,15579.94,0.677,-0.288,0.541,0.404
18.1475,42300,-262.98,0.647,-0.441,0.454,0.422,43237,16465.8,0.673,-0.29,0.544,0.406
18.198,42350,-247.22,0.644,-0.443,0.457,0.422,43288,16611.21,0.669,-0.292,0.547,0.408
18.25,42400,855.93,0.641,-0.445,0.458,0.422,43342,16616.38,0.664,-0.295,0.55,0.409
18.3005,42450,822.06,0.636,-0.45,0.458,0.426,43393,16368.24,0.658,-0.302,0.553,0.41
18.350499999999997,42500,1556.22,0.636,-0.447,0.461,0.425,43443,16153.38,0.655,-0.306,0.555,0.41
18.4015,42551,2418.1,0.637,-0.443,0.463,0.427,43494,16388.77,0.651,-0.309,0.557,0.41
18.4575,42609,6053.96,0.635,-0.443,0.464,0.429,43548,16398.78,0.647,-0.314,0.56,0.409
18.508000000000003,42659,8003.29,0.629,-0.451,0.46,0.434,43599,16408.36,0.64,-0.322,0.563,0.409
18.558,42709,9421.57,0.628,-0.452,0.46,0.434,43649,16459.79,0.637,-0.327,0.565,0.408
18.607999999999997,42759,10735.42,0.632,-0.445,0.464,0.43,43699,16459.79,0.63,-0.335,0.568,0.407
18.658,42809,10783.74,0.632,-0.442,0.466,0.431,43749,16069.88,0.627,-0.339,0.571,0.406
18.708,42859,11006.93,0.628,-0.445,0.467,0.433,43799,15512.53,0.623,-0.341,0.574,0.405
18.758499999999998,42910,11504.85,0.626,-0.444,0.472,0.431,43849,15512.53,0.617,-0.346,0.58,0.402
18.8125,42968,11893.14,0.625,-0.442,0.477,0.43,43899,14725.29,0.613,-0.349,0.583,0.401
18.862499999999997,43018,11710.63,0.624,-0.439,0.481,0.43,43949,14498.05,0.609,-0.355,0.585,0.4
18.9125,43068,11860.0,0.621,-0.439,0.484,0.43,43999,14498.05,0.603,-0.362,0.587,0.399
18.9625,43118,12599.8,0.62,-0.439,0.487,0.429,44049,12089.1,0.598,-0.369,0.588,0.399
19.012999999999998,43168,13325.28,0.62,-0.437,0.489,0.428,44100,9651.11,0.594,-0.373,0.59,0.397
19.063,43218,14052.38,0.623,-0.432,0.493,0.425,44150,6263.08,0.595,-0.368,0.597,0.389
19.113500000000002,43269,14439.65,0.626,-0.426,0.497,0.421,44200,3436.21,0.6,-0.357,0.61,0.373
19.1685,43328,14268.71,0.628,-0.422,0.5,0.42,44251,654.46,0.604,-0.352,0.613,0.365
19.2185,43378,14344.43,0.629,-0.419,0.502,0.418,44301,91.67,0.612,-0.346,0.61,0.363
19.2685,43428,14282.54,0.632,-0.415,0.506,0.414,44351,53.56,0.622,-0.341,0.601,0.366
19.3185,43478,14799.62,0.634,-0.409,0.51,0.41,44401,22.13,0.635,-0.336,0.583,0.377
19.369,43528,15204.4,0.636,-0.406,0.513,0.407,44452,56.84,0.645,-0.333,0.566,0.388
19.419,43578,15581.6,0.636,-0.404,0.516,0.405,44502,35.93,0.655,-0.324,0.556,0.394
19.4695,43629,15595.37,0.636,-0.403,0.517,0.404,44552,-11.01,0.668,-0.307,0.546,0.4
19.524,43687,14070.88,0.634,-0.406,0.517,0.404,44603,11.18,0.678,-0.29,0.54,0.402
19.573999999999998,43737,12895.3,0.634,-0.406,0.518,0.403,44653,31.64,0.685,-0.278,0.537,0.405
19.624000000000002,43787,12119.74,0.636,-0.403,0.521,0.4,44703,29.76,0.691,-0.266,0.534,0.406
19.674,43837,11136.76,0.638,-0.399,0.524,0.396,44753,-3.27,0.697,-0.253,0.534,0.404
19.7245,43887,9984.82,0.639,-0.397,0.527,0.393,44804,4.44,0.701,-0.245,0.535,0.401
19.7745,43937,9719.7,0.638,-0.399,0.528,0.392,44854,2.5,0.701,-0.243,0.537,0.398
19.825000000000003,43988,9483.41,0.639,-0.399,0.529,0.389,44904,-6.11,0.699,-0.248,0.54,0.397
19.8795,44046,9619.27,0.639,-0.398,0.53,0.387,44955,591.39,0.697,-0.25,0.543,0.394
19.929499999999997,44096,9151.32,0.64,-0.398,0.531,0.385,45005,617.59,0.696,-0.247,0.548,0.39
19.98,44146,8881.85,0.641,-0.396,0.533,0.382,45056,951.33,0.695,-0.246,0.551,0.388
20.03,44196,8584.55,0.642,-0.395,0.535,0.38,45106,1710.53,0.693,-0.251,0.551,0.39
20.08,44246,8595.74,0.643,-0.393,0.536,0.377,45156,3785.2,0.691,-0.252,0.552,0.39
20.131,44296,8580.61,0.646,-0.39,0.538,0.373,45208,5747.55,0.691,-0.25,0.556,0.387
20.182000000000002,44347,8810.18,0.648,-0.387,0.541,0.37,45259,6840.66,0.689,-0.248,0.562,0.382
20.2365,44406,8816.51,0.648,-0.385,0.543,0.368,45309,8098.43,0.687,-0.252,0.562,0.383
20.287,44456,13904.42,0.648,-0.384,0.544,0.367,45360,9395.52,0.684,-0.26,0.56,0.385
20.339,44506,9810.0,0.65,-0.38,0.547,0.363,45414,10583.81,0.682,-0.265,0.561,0.385
20.389499999999998,44556,10485.86,0.651,-0.377,0.55,0.361,45465,11581.54,0.681,-0.266,0.564,0.382
20.490000000000002,44656,10594.96,0.65,-0.378,0.55,0.362,45566,13102.13,0.678,-0.272,0.565,0.381
20.541,44707,10556.66,0.651,-0.377,0.55,0.36,45617,13120.15,0.677,-0.275,0.565,0.38
20.595,44765,9808.25,0.653,-0.374,0.551,0.357,45667,13300.38,0.677,-0.274,0.567,0.378
20.6455,44815,9677.26,0.653,-0.375,0.551,0.357,45718,13330.08,0.677,-0.273,0.569,0.377
20.697499999999998,44865,9639.74,0.652,-0.376,0.553,0.355,45772,13758.54,0.675,-0.276,0.568,0.379
20.748,44915,9768.35,0.653,-0.375,0.555,0.352,45823,14009.85,0.671,-0.285,0.564,0.386
20.798,44965,10187.98,0.651,-0.375,0.557,0.351,45873,14022.6,0.669,-0.289,0.562,0.388
20.848,45015,11104.99,0.65,-0.374,0.562,0.347,45923,14022.6,0.669,-0.289,0.563,0.388
20.8985,45066,12198.13,0.647,-0.374,0.567,0.344,45973,14670.66,0.668,-0.289,0.564,0.387
20.9525,45124,15015.71,0.645,-0.372,0.572,0.341,46023,15367.08,0.667,-0.29,0.564,0.389
21.0025,45174,16038.79,0.643,-0.371,0.577,0.338,46073,15367.08,0.664,-0.296,0.562,0.393
21.0525,45224,16541.04,0.638,-0.372,0.582,0.337,46123,15770.51,0.662,-0.298,0.561,0.395
21.1025,45274,16660.78,0.632,-0.376,0.587,0.337,46173,15845.04,0.661,-0.3,0.56,0.397
21.1605,45324,17786.58,0.627,-0.377,0.592,0.334,46239,16126.11,0.659,-0.302,0.56,0.399
21.2125,45374,18269.26,0.623,-0.379,0.596,0.333,46293,16134.35,0.657,-0.305,0.558,0.403
21.265,45425,18690.83,0.62,-0.38,0.599,0.334,46347,16354.73,0.653,-0.311,0.555,0.408
21.319499999999998,45483,19062.54,0.615,-0.383,0.601,0.333,46398,16597.3,0.65,-0.315,0.554,0.412
21.369500000000002,45533,19380.38,0.61,-0.387,0.605,0.333,46448,17410.13,0.648,-0.318,0.553,0.414
21.42,45583,19767.53,0.607,-0.386,0.61,0.329,46499,17730.98,0.645,-0.32,0.554,0.416
21.4705,45633,19957.79,0.604,-0.385,0.615,0.328,46550,17520.16,0.64,-0.327,0.552,0.421
21.5205,45683,19813.66,0.599,-0.386,0.619,0.327,46600,16330.14,0.638,-0.329,0.553,0.422
21.5715,45734,19947.19,0.595,-0.386,0.623,0.326,46651,15425.32,0.636,-0.329,0.554,0.422
21.6235,45784,22052.28,0.591,-0.386,0.628,0.324,46705,15377.19,0.632,-0.333,0.554,0.425
21.6785,45843,18880.8,0.586,-0.388,0.632,0.324,46756,15146.75,0.628,-0.339,0.552,0.428
21.7285,45893,18582.08,0.58,-0.39,0.636,0.324,46806,15040.05,0.626,-0.341,0.552,0.43
21.779,45943,18436.51,0.573,-0.394,0.639,0.327,46857,15629.07,0.624,-0.344,0.551,0.431
21.8295,45993,18433.45,0.565,-0.398,0.642,0.33,46908,16051.69,0.622,-0.346,0.552,0.431
21.8795,46043,18034.54,0.557,-0.402,0.645,0.333,46958,16179.91,0.621,-0.347,0.552,0.432
21.93,46093,17364.81,0.548,-0.407,0.647,0.337,47009,15829.86,0.62,-0.348,0.553,0.432
21.9825,46144,15937.48,0.541,-0.409,0.65,0.34,47063,15374.96,0.619,-0.349,0.553,0.432
22.037,46202,9275.01,0.535,-0.412,0.651,0.344,47114,14681.95,0.618,-0.351,0.554,0.432
22.087,46252,4934.1,0.524,-0.421,0.649,0.354,47164,13551.12,0.616,-0.352,0.554,0.433
22.137500000000003,46302,999.71,0.523,-0.42,0.65,0.355,47215,12405.55,0.615,-0.353,0.554,0.433
22.188,46352,-317.54,0.526,-0.417,0.646,0.359,47266,11825.44,0.614,-0.355,0.554,0.435
22.238,46402,-300.03,0.532,-0.418,0.639,0.364,47316,11234.72,0.612,-0.355,0.554,0.436
22.2885,46452,-283.97,0.536,-0.424,0.625,0.374,47367,10672.69,0.611,-0.356,0.554,0.437
22.3385,46502,-313.6,0.545,-0.427,0.612,0.381,47417,10672.69,0.609,-0.356,0.554,0.44
22.393,46561,-286.69,0.559,-0.428,0.595,0.385,47467,9432.4,0.607,-0.357,0.553,0.442
22.442999999999998,46611,-295.74,0.573,-0.432,0.576,0.389,47517,8658.68,0.605,-0.358,0.553,0.445
22.493000000000002,46661,-289.84,0.583,-0.442,0.553,0.396,47567,8658.68,0.602,-0.361,0.551,0.449
22.543,46711,-247.18,0.593,-0.451,0.531,0.4,47617,8337.45,0.599,-0.364,0.55,0.452
22.5935,46761,-241.09,0.606,-0.454,0.516,0.399,47668,8654.61,0.595,-0.367,0.549,0.456
22.6435,46811,-284.41,0.618,-0.454,0.503,0.397,47718,9103.73,0.593,-0.369,0.55,0.457
22.694000000000003,46862,-267.95,0.627,-0.453,0.492,0.397,47768,9342.23,0.588,-0.372,0.551,0.458
22.749000000000002,46921,-260.12,0.631,-0.453,0.486,0.398,47819,9983.91,0.583,-0.377,0.551,0.46
22.799,46971,-272.82,0.637,-0.45,0.483,0.396,47869,11642.55,0.579,-0.381,0.551,0.462
22.849,47021,-252.91,0.639,-0.449,0.483,0.394,47919,11642.55,0.573,-0.388,0.55,0.465
22.899,47071,-236.27,0.64,-0.445,0.487,0.391,47969,17528.0,0.569,-0.392,0.55,0.466
22.9495,47121,-262.55,0.639,-0.441,0.494,0.389,48020,17968.77,0.565,-0.398,0.548,0.469
23.000500000000002,47171,773.42,0.636,-0.443,0.495,0.39,48072,17382.66,0.561,-0.401,0.549,0.47
23.051499999999997,47222,1444.49,0.634,-0.445,0.495,0.392,48123,17234.54,0.557,-0.402,0.553,0.469
23.1055,47280,2593.45,0.638,-0.438,0.498,0.39,48173,15622.77,0.555,-0.402,0.557,0.468
23.156,47330,3632.31,0.645,-0.425,0.505,0.383,48224,14112.81,0.552,-0.404,0.558,0.468
23.208,47380,5143.08,0.644,-0.422,0.508,0.384,48278,14000.44,0.549,-0.406,0.559,0.468
23.2585,47430,6622.47,0.64,-0.425,0.508,0.387,48329,13503.83,0.545,-0.409,0.562,0.466
23.3085,47480,8001.88,0.642,-0.421,0.511,0.384,48379,14346.83,0.543,-0.413,0.562,0.466
23.359,47530,9164.07,0.643,-0.414,0.516,0.383,48430,14753.83,0.54,-0.417,0.562,0.466
23.41,47581,10127.73,0.641,-0.414,0.516,0.386,48481,14785.64,0.536,-0.423,0.562,0.465
23.464,47639,12670.74,0.639,-0.418,0.515,0.388,48531,15047.29,0.534,-0.425,0.564,0.463
23.514499999999998,47689,13392.92,0.636,-0.418,0.516,0.389,48582,14509.19,0.531,-0.429,0.564,0.462
23.5645,47739,13257.84,0.635,-0.417,0.518,0.39,48632,14509.19,0.528,-0.435,0.565,0.46
23.6145,47789,13950.49,0.635,-0.414,0.52,0.391,48682,14313.95,0.525,-0.439,0.565,0.458
23.6645,47839,14212.33,0.634,-0.414,0.521,0.392,48732,14256.88,0.522,-0.444,0.565,0.457
23.7145,47889,14936.69,0.634,-0.412,0.521,0.392,48782,14181.29,0.519,-0.45,0.565,0.455
23.765,47940,15334.14,0.635,-0.41,0.522,0.392,48832,13885.03,0.514,-0.459,0.565,0.453
23.82,47999,16362.61,0.637,-0.407,0.523,0.391,48883,12870.06,0.509,-0.467,0.564,0.451
23.87,48049,15970.91,0.637,-0.406,0.524,0.392,48933,11356.6,0.504,-0.474,0.562,0.451
23.92,48099,15828.93,0.638,-0.404,0.524,0.391,48983,10494.98,0.501,-0.48,0.563,0.447
23.9705,48149,15311.55,0.639,-0.405,0.523,0.391,49034,10242.33,0.5,-0.483,0.566,0.442
24.0205,48199,14864.05,0.641,-0.404,0.522,0.39,49084,10282.72,0.498,-0.484,0.568,0.438
24.070500000000003,48249,14724.11,0.643,-0.402,0.522,0.387,49134,10282.72,0.495,-0.489,0.569,0.435
24.121,48300,14291.59,0.646,-0.399,0.524,0.383,49184,8727.04,0.493,-0.493,0.57,0.433
24.174999999999997,48358,13802.44,0.649,-0.397,0.524,0.38,49234,7658.66,0.491,-0.496,0.571,0.43
24.225,48408,13707.84,0.653,-0.395,0.525,0.376,49284,6343.95,0.491,-0.497,0.574,0.424
24.275,48458,12965.37,0.656,-0.391,0.528,0.369,49334,4258.28,0.499,-0.49,0.585,0.408
24.325000000000003,48508,12145.82,0.66,-0.386,0.53,0.363,49384,1615.75,0.506,-0.483,0.594,0.394
24.375,48558,11865.4,0.662,-0.385,0.532,0.36,49434,84.04,0.512,-0.479,0.598,0.387
24.4255,48608,11628.3,0.662,-0.387,0.531,0.357,49485,58.23,0.53,-0.464,0.597,0.38
24.476,48659,11721.18,0.663,-0.388,0.532,0.354,49535,58.23,0.544,-0.455,0.591,0.382
24.53,48717,11001.0,0.662,-0.39,0.533,0.352,49585,12.28,0.555,-0.448,0.58,0.391
24.5805,48767,10392.35,0.663,-0.39,0.533,0.349,49636,47.12,0.567,-0.44,0.565,0.404
24.630499999999998,48817,9483.31,0.663,-0.392,0.533,0.348,49686,2.33,0.583,-0.424,0.552,0.417
24.680500000000002,48867,9010.07,0.665,-0.392,0.532,0.344,49736,68.35,0.595,-0.408,0.547,0.422
24.7305,48917,7265.25,0.671,-0.385,0.537,0.334,49786,55.96,0.604,-0.394,0.542,0.429
24.781,48967,7192.64,0.68,-0.37,0.547,0.317,49837,39.27,0.612,-0.379,0.532,0.443
24.8315,49018,5824.69,0.682,-0.363,0.552,0.309,49887,62.3,0.615,-0.373,0.527,0.451
24.886,49076,4823.31,0.683,-0.361,0.554,0.307,49938,13.51,0.617,-0.368,0.523,0.457
24.938000000000002,49126,4567.95,0.681,-0.362,0.554,0.309,49992,36.94,0.619,-0.358,0.526,0.458
24.988500000000002,49176,4662.54,0.677,-0.368,0.553,0.313,50043,58.07,0.621,-0.345,0.535,0.456
25.0385,49226,4945.23,0.674,-0.373,0.553,0.314,50093,-16.29,0.619,-0.34,0.54,0.455
25.089,49276,4877.7,0.673,-0.373,0.555,0.314,50144,-1638.61,0.617,-0.337,0.546,0.453
25.14,49327,4671.82,0.672,-0.372,0.556,0.314,50195,1557.3,0.617,-0.338,0.546,0.453
25.19,49377,4562.05,0.672,-0.372,0.556,0.315,50245,1535.32,0.616,-0.34,0.547,0.452
25.244999999999997,49436,4340.57,0.671,-0.373,0.556,0.316,50296,2600.58,0.614,-0.344,0.544,0.456
25.296999999999997,49486,4264.17,0.67,-0.372,0.557,0.316,50350,4105.26,0.611,-0.35,0.54,0.46
25.3475,49536,4137.38,0.67,-0.372,0.557,0.317,50401,5336.48,0.61,-0.351,0.54,0.459
25.3975,49586,4012.28,0.67,-0.372,0.558,0.317,50451,6712.63,0.61,-0.352,0.54,0.459
25.448,49636,4008.28,0.67,-0.372,0.558,0.317,50502,7674.52,0.609,-0.354,0.538,0.461
25.4985,49686,3939.82,0.669,-0.371,0.558,0.317,50553,8364.49,0.608,-0.355,0.536,0.463
25.549,49737,3749.96,0.669,-0.371,0.558,0.317,50603,8397.24,0.608,-0.355,0.535,0.465
25.6035,49795,3266.3,0.67,-0.369,0.559,0.316,50654,8311.86,0.608,-0.354,0.534,0.467
25.6555,49845,2965.83,0.669,-0.37,0.559,0.317,50708,8383.84,0.607,-0.354,0.532,0.47
25.706000000000003,49895,2926.47,0.667,-0.372,0.559,0.319,50759,8527.56,0.604,-0.355,0.531,0.474
25.756,49945,3273.54,0.666,-0.372,0.56,0.319,50809,8582.09,0.603,-0.356,0.53,0.476
25.805999999999997,49995,3770.98,0.664,-0.372,0.563,0.318,50859,8582.09,0.6,-0.36,0.527,0.48
25.856,50045,4684.78,0.662,-0.372,0.566,0.318,50909,8606.83,0.598,-0.362,0.525,0.483
25.9065,50096,6650.79,0.659,-0.373,0.568,0.319,50959,9629.04,0.597,-0.364,0.525,0.484
25.9605,50154,11010.69,0.655,-0.373,0.573,0.318,51009,9629.04,0.597,-0.363,0.527,0.482
26.0105,50204,12850.54,0.652,-0.371,0.58,0.315,51059,12311.7,0.595,-0.366,0.526,0.483
26.060499999999998,50254,14181.97,0.648,-0.37,0.585,0.314,51109,13268.27,0.595,-0.367,0.526,0.483
26.1185,50304,16188.76,0.644,-0.373,0.588,0.314,51175,14714.55,0.594,-0.367,0.527,0.483
26.1705,50354,18516.25,0.641,-0.374,0.593,0.311,51229,15113.6,0.591,-0.37,0.524,0.486
26.222499999999997,50404,19600.98,0.636,-0.377,0.595,0.312,51283,15228.74,0.589,-0.374,0.521,0.49
26.2735,50455,20033.35,0.632,-0.381,0.596,0.314,51334,15704.2,0.586,-0.38,0.516,0.494
26.328000000000003,50514,33209.07,0.629,-0.384,0.597,0.314,51384,16234.35,0.585,-0.382,0.514,0.496
26.3785,50564,33209.07,0.626,-0.385,0.601,0.312,51435,17556.64,0.584,-0.384,0.513,0.497
26.429000000000002,50614,31957.02,0.622,-0.386,0.604,0.312,51486,18010.2,0.58,-0.388,0.51,0.5
26.479,50664,19371.86,0.619,-0.386,0.608,0.309,51536,18295.88,0.577,-0.393,0.506,0.505
26.5295,50714,19944.66,0.617,-0.386,0.611,0.307,51587,18292.27,0.572,-0.398,0.502,0.509
26.5815,50764,20572.63,0.619,-0.38,0.617,0.3,51641,17965.04,0.568,-0.404,0.498,0.514
26.6325,50815,20329.88,0.616,-0.377,0.623,0.297,51692,17682.52,0.563,-0.408,0.497,0.518
26.686500000000002,50873,19453.89,0.613,-0.376,0.627,0.296,51742,16642.64,0.562,-0.407,0.498,0.518
26.7365,50923,18960.27,0.608,-0.378,0.63,0.297,51792,16642.64,0.558,-0.408,0.501,0.519
26.7865,50973,18029.57,0.602,-0.38,0.634,0.298,51842,15484.26,0.554,-0.41,0.501,0.521
26.8365,51023,16738.35,0.595,-0.384,0.638,0.3,51892,14718.22,0.552,-0.412,0.501,0.522
26.886499999999998,51073,15583.49,0.587,-0.387,0.642,0.303,51942,14718.22,0.549,-0.414,0.503,0.523
26.936500000000002,51123,14674.92,0.576,-0.395,0.643,0.312,51992,13497.56,0.547,-0.415,0.503,0.523
26.987000000000002,51174,14121.33,0.567,-0.4,0.645,0.317,52042,11923.73,0.545,-0.416,0.503,0.524
27.041,51232,12861.87,0.561,-0.4,0.649,0.319,52092,11923.73,0.543,-0.418,0.502,0.526
27.091,51282,11106.63,0.556,-0.398,0.655,0.319,52142,11639.28,0.541,-0.42,0.501,0.527
27.1415,51332,9974.86,0.549,-0.399,0.658,0.322,52193,12230.0,0.54,-0.421,0.5,0.527
27.191499999999998,51382,9504.92,0.543,-0.401,0.661,0.325,52243,12371.24,0.54,-0.422,0.5,0.527
27.241500000000002,51432,8673.45,0.537,-0.403,0.663,0.329,52293,12356.55,0.539,-0.425,0.498,0.528
27.292,51482,7961.34,0.531,-0.406,0.665,0.332,52344,12246.25,0.539,-0.426,0.497,0.528
27.3425,51533,6940.11,0.524,-0.409,0.666,0.337,52394,11965.18,0.539,-0.427,0.497,0.527
27.3965,51591,2550.88,0.519,-0.411,0.666,0.34,52444,11969.51,0.538,-0.429,0.495,0.528
27.447000000000003,51642,-99.02,0.518,-0.411,0.665,0.344,52494,11713.64,0.537,-0.431,0.494,0.529
27.4975,51692,-283.09,0.523,-0.415,0.654,0.354,52545,11564.29,0.537,-0.431,0.493,0.53
27.5475,51742,-268.06,0.531,-0.42,0.637,0.366,52595,11111.63,0.536,-0.432,0.491,0.532
27.5975,51792,-369.36,0.545,-0.426,0.615,0.377,52645,11062.13,0.535,-0.434,0.489,0.534
27.648,51842,-377.63,0.562,-0.43,0.589,0.387,52696,10794.24,0.534,-0.434,0.489,0.534
27.6985,51893,-301.14,0.582,-0.433,0.563,0.393,52746,10355.76,0.533,-0.434,0.488,0.535
27.752499999999998,51951,-242.07,0.6,-0.432,0.545,0.394,52796,9745.95,0.532,-0.435,0.487,0.537
27.802500000000002,52001,-284.88,0.622,-0.425,0.527,0.389,52846,9261.42,0.53,-0.438,0.485,0.539
27.853,52051,-236.91,0.643,-0.417,0.513,0.384,52897,9166.74,0.528,-0.439,0.485,0.54
27.903,52101,-215.31,0.659,-0.411,0.501,0.381,52947,9166.74,0.526,-0.44,0.485,0.541
27.953000000000003,52151,-259.1,0.668,-0.408,0.491,0.378,52997,8184.97,0.523,-0.442,0.485,0.542
28.003,52201,-232.88,0.671,-0.41,0.486,0.378,53047,7866.04,0.52,-0.445,0.486,0.542
28.0635,52252,-214.78,0.674,-0.408,0.489,0.372,53117,9183.83,0.513,-0.451,0.486,0.544
28.119500000000002,52310,-252.04,0.674,-0.406,0.495,0.367,53171,9777.05,0.508,-0.456,0.484,0.546
28.1695,52360,-208.45,0.67,-0.405,0.503,0.363,53221,9777.05,0.5,-0.462,0.485,0.547
28.2195,52410,1050.95,0.667,-0.409,0.501,0.367,53271,12163.36,0.497,-0.464,0.486,0.547
28.2695,52460,1177.65,0.666,-0.41,0.501,0.368,53321,13142.29,0.494,-0.467,0.487,0.546
28.319499999999998,52510,2073.79,0.666,-0.408,0.502,0.369,53371,13759.88,0.491,-0.471,0.488,0.546
28.369999999999997,52561,2955.18,0.667,-0.405,0.503,0.37,53421,14090.51,0.487,-0.476,0.489,0.544
28.420499999999997,52611,3931.06,0.666,-0.405,0.502,0.373,53472,14201.15,0.483,-0.482,0.489,0.542
28.475,52670,6035.71,0.663,-0.406,0.502,0.377,53522,14201.15,0.48,-0.488,0.491,0.537
28.525,52720,7061.38,0.661,-0.404,0.504,0.378,53572,15233.25,0.479,-0.49,0.493,0.534
28.575000000000003,52770,7409.85,0.66,-0.402,0.506,0.38,53622,16057.36,0.476,-0.493,0.494,0.533
28.634999999999998,52820,8010.24,0.66,-0.399,0.508,0.381,53692,17372.54,0.472,-0.499,0.494,0.531
28.686999999999998,52870,8504.71,0.659,-0.399,0.507,0.384,53746,18518.55,0.471,-0.502,0.494,0.529
28.737000000000002,52920,8940.53,0.656,-0.4,0.507,0.387,53796,18518.55,0.469,-0.506,0.495,0.526
28.7875,52971,9621.79,0.656,-0.399,0.509,0.387,53846,18302.72,0.467,-0.509,0.496,0.524
28.8415,53029,10763.12,0.657,-0.395,0.511,0.386,53896,17189.02,0.466,-0.512,0.497,0.521
28.8915,53079,11066.6,0.658,-0.392,0.513,0.385,53946,16604.97,0.465,-0.514,0.499,0.518
28.941499999999998,53129,11066.6,0.658,-0.392,0.513,0.385,53996,15636.68,0.462,-0.522,0.498,0.514
28.992,53179,11780.41,0.657,-0.395,0.511,0.387,54047,14024.1,0.458,-0.529,0.498,0.51
29.042,53229,12010.76,0.656,-0.396,0.511,0.386,54097,12950.45,0.457,-0.533,0.499,0.506
29.092,53279,12288.4,0.657,-0.395,0.512,0.384,54147,12705.69,0.456,-0.536,0.502,0.501
29.143,53330,12293.89,0.66,-0.393,0.512,0.383,54198,12059.06,0.454,-0.539,0.503,0.498
29.197499999999998,53389,12187.97,0.66,-0.394,0.511,0.382,54248,11692.74,0.452,-0.543,0.502,0.497
29.2475,53439,11523.79,0.663,-0.391,0.512,0.377,54298,11692.74,0.449,-0.548,0.503,0.494
29.2975,53489,10819.06,0.669,-0.383,0.517,0.369,54348,12152.47,0.446,-0.551,0.502,0.493
29.3475,53539,10434.77,0.676,-0.371,0.524,0.36,54398,12042.5,0.443,-0.556,0.501,0.492
29.3975,53589,10269.82,0.679,-0.365,0.527,0.356,54448,11826.0,0.442,-0.558,0.502,0.489
29.447499999999998,53639,10546.68,0.679,-0.366,0.526,0.355,54498,11888.25,0.441,-0.559,0.504,0.487
29.497999999999998,53690,11291.0,0.679,-0.368,0.527,0.353,54548,11779.72,0.44,-0.561,0.504,0.486
29.552,53748,11411.1,0.679,-0.369,0.528,0.351,54598,11336.84,0.438,-0.563,0.502,0.486
29.6025,53798,11090.19,0.677,-0.369,0.53,0.349,54649,10342.29,0.435,-0.567,0.499,0.487
29.6525,53848,11172.43,0.677,-0.369,0.532,0.348,54699,9219.81,0.435,-0.569,0.499,0.487
29.7025,53898,11695.84,0.675,-0.371,0.533,0.347,54749,4903.74,0.436,-0.569,0.499,0.485
29.753,53948,-976.36,0.674,-0.372,0.535,0.345,54800,4903.74,0.449,-0.56,0.51,0.472
29.802999999999997,53998,12213.11,0.674,-0.372,0.536,0.343,54850,3796.09,0.463,-0.548,0.516,0.466
29.8535,54049,12427.66,0.676,-0.37,0.537,0.341,54900,3.17,0.477,-0.534,0.519,0.465
29.908,54108,11961.36,0.675,-0.37,0.537,0.341,54950,3.17,0.495,-0.516,0.514,0.472
29.958,54158,11307.2,0.674,-0.373,0.537,0.341,55000,-456.78,0.503,-0.507,0.506,0.481
30.008000000000003,54208,10619.57,0.674,-0.374,0.537,0.34,55050,19.52,0.512,-0.498,0.497,0.491
30.064500000000002,54258,8977.52,0.675,-0.373,0.537,0.339,55113,55.23,0.524,-0.48,0.487,0.505
30.116500000000002,54308,7105.79,0.676,-0.372,0.537,0.337,55167,14.45,0.537,-0.459,0.486,0.513
30.1665,54358,5325.06,0.679,-0.37,0.536,0.336,55217,14.45,0.549,-0.431,0.483,0.527
30.217,54409,3612.79,0.682,-0.368,0.535,0.334,55267,15.35,0.552,-0.42,0.48,0.535
30.271,54467,2959.99,0.684,-0.366,0.534,0.333,55317,19.08,0.554,-0.412,0.476,0.543
30.321,54517,2808.73,0.683,-0.368,0.533,0.335,55367,64.07,0.555,-0.407,0.473,0.548
30.371,54567,2703.13,0.68,-0.373,0.532,0.338,55417,30.26,0.558,-0.4,0.474,0.549
30.4215,54617,2787.12,0.677,-0.375,0.532,0.339,55468,82.7,0.56,-0.397,0.476,0.548
30.4715,54667,2843.18,0.678,-0.373,0.533,0.339,55518,59.17,0.56,-0.398,0.477,0.547
30.5215,54717,2897.63,0.678,-0.371,0.535,0.338,55568,60.8,0.559,-0.401,0.477,0.545
30.572499999999998,54768,2897.63,0.679,-0.369,0.536,0.338,55619,63.51,0.557,-0.406,0.476,0.545
30.6265,54826,2727.86,0.679,-0.367,0.536,0.338,55669,1894.65,0.557,-0.405,0.476,0.545
30.728,54927,2755.01,0.68,-0.367,0.536,0.337,55771,4129.73,0.558,-0.404,0.478,0.543
30.778,54977,2832.56,0.68,-0.367,0.536,0.337,55821,5111.33,0.553,-0.413,0.467,0.55
30.8285,55027,2807.07,0.68,-0.367,0.537,0.336,55872,5950.63,0.551,-0.42,0.461,0.553
30.878999999999998,55077,2668.63,0.68,-0.367,0.537,0.336,55923,6451.81,0.554,-0.42,0.46,0.551
30.929000000000002,55127,2546.07,0.68,-0.365,0.538,0.335,55973,7091.2,0.554,-0.421,0.46,0.549
30.984,55186,2319.86,0.681,-0.363,0.54,0.334,56024,7054.32,0.553,-0.425,0.457,0.55
31.034,55236,2331.48,0.682,-0.36,0.541,0.332,56074,7054.32,0.553,-0.428,0.455,0.55
31.084,55286,2296.01,0.682,-0.358,0.542,0.331,56124,7363.47,0.555,-0.426,0.457,0.548
31.134,55336,2491.82,0.682,-0.359,0.543,0.332,56174,7755.74,0.554,-0.426,0.458,0.547
31.184,55386,3070.35,0.681,-0.359,0.543,0.333,56224,8174.75,0.553,-0.428,0.458,0.547
31.234,55436,3955.59,0.679,-0.359,0.546,0.331,56274,8431.44,0.551,-0.432,0.456,0.549
31.285,55487,5381.51,0.677,-0.359,0.55,0.329,56325,8901.81,0.549,-0.434,0.455,0.549
31.339,55545,9089.97,0.673,-0.361,0.553,0.329,56375,9342.9,0.549,-0.434,0.455,0.549
31.389000000000003,55595,10893.18,0.67,-0.359,0.561,0.325,56425,9801.96,0.549,-0.433,0.457,0.548
31.439500000000002,55645,11985.54,0.667,-0.355,0.57,0.32,56476,10313.15,0.549,-0.432,0.459,0.547
31.4895,55695,13168.56,0.662,-0.355,0.577,0.319,56526,11039.04,0.548,-0.432,0.46,0.548
31.5395,55745,14067.61,0.655,-0.36,0.581,0.32,56576,11039.04,0.546,-0.433,0.46,0.549
31.5895,55795,15175.32,0.649,-0.365,0.585,0.32,56626,12146.73,0.545,-0.432,0.46,0.549
31.64,55846,15763.33,0.645,-0.367,0.588,0.32,56676,12197.86,0.544,-0.433,0.46,0.551
31.695999999999998,55905,16868.55,0.64,-0.371,0.59,0.321,56729,12248.42,0.542,-0.434,0.459,0.553
31.746499999999997,55955,17102.79,0.635,-0.374,0.594,0.321,56780,12469.96,0.539,-0.435,0.457,0.556
31.7965,56005,17583.68,0.63,-0.376,0.597,0.321,56830,12362.39,0.537,-0.437,0.455,0.559
31.847,56055,18124.22,0.626,-0.377,0.601,0.32,56881,12300.15,0.534,-0.439,0.453,0.561
31.897,56105,17721.53,0.621,-0.379,0.605,0.321,56931,12300.15,0.529,-0.442,0.452,0.565
31.947000000000003,56155,17431.81,0.613,-0.385,0.607,0.325,56981,11820.73,0.526,-0.444,0.452,0.566
31.9975,56206,17125.12,0.606,-0.39,0.609,0.328,57031,11465.4,0.524,-0.446,0.452,0.566
32.0515,56264,15106.45,0.604,-0.387,0.614,0.326,57081,11033.43,0.522,-0.447,0.453,0.567
32.1015,56314,14337.28,0.6,-0.387,0.618,0.328,57131,10866.99,0.519,-0.449,0.454,0.567
32.152,56364,14337.28,0.595,-0.388,0.621,0.33,57182,10914.95,0.516,-0.452,0.454,0.567
32.202,56414,14086.15,0.587,-0.392,0.623,0.334,57232,11258.98,0.514,-0.455,0.453,0.568
32.251999999999995,56464,13688.96,0.58,-0.394,0.627,0.338,57282,11382.02,0.512,-0.458,0.452,0.568
32.302499999999995,56514,13564.68,0.576,-0.39,0.633,0.337,57333,11519.73,0.511,-0.46,0.451,0.567
32.353,56565,12668.8,0.571,-0.389,0.637,0.338,57383,12087.6,0.51,-0.461,0.451,0.567
32.4075,56624,10866.32,0.566,-0.39,0.64,0.34,57433,12087.6,0.51,-0.461,0.452,0.566
32.457499999999996,56674,9638.58,0.558,-0.396,0.64,0.346,57483,12062.8,0.51,-0.462,0.452,0.566
32.5075,56724,7528.29,0.549,-0.403,0.639,0.354,57533,11520.36,0.51,-0.463,0.451,0.566
32.557500000000005,56774,3843.97,0.54,-0.41,0.639,0.361,57583,11022.41,0.51,-0.463,0.451,0.565
32.6075,56824,228.39,0.536,-0.415,0.635,0.368,57633,10655.01,0.51,-0.463,0.452,0.564
32.6575,56874,-305.72,0.543,-0.417,0.625,0.372,57683,10172.08,0.51,-0.463,0.452,0.565
32.708,56925,-257.05,0.555,-0.42,0.609,0.378,57733,9850.14,0.509,-0.464,0.451,0.565
32.7625,56983,-228.53,0.568,-0.422,0.592,0.383,57784,9807.8,0.509,-0.464,0.451,0.566
32.8125,57033,-280.99,0.586,-0.423,0.572,0.386,57834,9870.33,0.509,-0.464,0.451,0.566
32.8625,57083,-207.33,0.605,-0.423,0.552,0.386,57884,9647.06,0.508,-0.465,0.451,0.567
32.913,57133,-267.13,0.623,-0.424,0.531,0.385,57935,9360.98,0.507,-0.465,0.45,0.567
32.963,57183,-231.02,0.641,-0.423,0.513,0.382,57985,9054.33,0.506,-0.465,0.45,0.568
33.013,57233,-250.43,0.659,-0.416,0.5,0.376,58035,8306.75,0.506,-0.465,0.45,0.568
33.063500000000005,57284,-233.06,0.673,-0.41,0.489,0.372,58085,7581.23,0.506,-0.465,0.449,0.569
33.118,57342,-213.32,0.681,-0.406,0.483,0.368,58136,7180.47,0.504,-0.466,0.448,0.571
33.1685,57393,-609.43,0.684,-0.407,0.48,0.367,58186,7185.31,0.503,-0.466,0.448,0.572
33.219,57443,-247.57,0.683,-0.41,0.48,0.366,58237,6936.67,0.501,-0.466,0.448,0.573
33.269,57493,-221.78,0.682,-0.41,0.483,0.363,58287,6936.67,0.497,-0.469,0.447,0.576
33.319,57543,-287.42,0.682,-0.406,0.489,0.36,58337,6728.69,0.493,-0.472,0.445,0.578
33.369,57593,-196.77,0.679,-0.403,0.496,0.357,58387,7138.32,0.489,-0.475,0.444,0.58
33.4195,57644,-237.59,0.674,-0.403,0.505,0.355,58437,7876.83,0.485,-0.479,0.444,0.581
33.4735,57702,1611.45,0.671,-0.406,0.504,0.358,58487,9373.16,0.478,-0.485,0.442,0.583
33.524,57752,2250.32,0.667,-0.411,0.503,0.362,58538,10448.98,0.472,-0.49,0.439,0.584
33.574,57802,3044.04,0.663,-0.415,0.501,0.367,58588,11082.86,0.468,-0.495,0.438,0.585
33.623999999999995,57852,3550.71,0.662,-0.414,0.502,0.37,58638,11705.42,0.464,-0.5,0.439,0.583
33.6745,57902,2677.15,0.659,-0.414,0.502,0.375,58689,12399.65,0.461,-0.505,0.44,0.581
33.7245,57952,5083.43,0.656,-0.415,0.502,0.379,58739,12503.4,0.458,-0.508,0.441,0.579
33.7755,58003,5740.7,0.654,-0.414,0.504,0.381,58790,12887.47,0.456,-0.511,0.441,0.578
33.83,58061,6554.85,0.654,-0.411,0.506,0.382,58841,13232.9,0.455,-0.513,0.443,0.576
33.879999999999995,58111,6922.3,0.654,-0.407,0.507,0.384,58891,13033.65,0.454,-0.514,0.444,0.574
33.9305,58161,7333.21,0.653,-0.405,0.508,0.385,58942,13441.42,0.453,-0.515,0.447,0.573
33.981,58211,7877.11,0.652,-0.405,0.509,0.387,58993,13411.12,0.451,-0.517,0.448,0.571
34.031,58261,8427.14,0.651,-0.405,0.51,0.388,59043,13628.49,0.45,-0.519,0.449,0.57
34.082,58312,8979.91,0.652,-0.401,0.513,0.386,59094,13729.24,0.45,-0.52,0.449,0.569
34.134,58362,9071.96,0.652,-0.398,0.515,0.386,59148,13803.99,0.449,-0.522,0.45,0.567
34.188500000000005,58421,9416.99,0.651,-0.399,0.515,0.387,59198,13597.68,0.448,-0.526,0.451,0.563
34.2385,58471,9831.9,0.648,-0.401,0.516,0.388,59248,13279.62,0.446,-0.531,0.45,0.561
34.289500000000004,58521,9974.22,0.646,-0.403,0.518,0.387,59300,12774.77,0.444,-0.536,0.449,0.558
34.34,58571,10047.12,0.646,-0.401,0.521,0.386,59351,12405.55,0.442,-0.543,0.449,0.553
34.39,58621,9964.06,0.647,-0.396,0.525,0.383,59401,12139.45,0.44,-0.547,0.448,0.551
34.4405,58671,10211.87,0.649,-0.392,0.528,0.379,59452,11489.99,0.438,-0.552,0.448,0.548
34.491,58722,10815.96,0.651,-0.388,0.531,0.376,59502,11489.99,0.436,-0.559,0.447,0.544
34.545,58780,12257.83,0.653,-0.384,0.534,0.373,59552,9298.4,0.434,-0.563,0.446,0.542
34.595,58830,12492.32,0.657,-0.378,0.537,0.368,59602,8361.42,0.432,-0.567,0.445,0.54
34.644999999999996,58880,12415.28,0.658,-0.375,0.539,0.365,59652,7655.16,0.431,-0.569,0.445,0.538
34.695,58930,12804.8,0.659,-0.376,0.539,0.364,59702,7402.97,0.43,-0.573,0.446,0.535
34.745000000000005,58980,13311.38,0.66,-0.375,0.54,0.361,59752,6810.68,0.429,-0.576,0.445,0.533
34.795,59030,13635.48,0.661,-0.374,0.541,0.359,59802,5864.42,0.429,-0.578,0.447,0.529
34.8455,59081,12886.4,0.661,-0.375,0.541,0.358,59852,4049.3,0.438,-0.574,0.456,0.519
34.900000000000006,59140,11582.47,0.659,-0.377,0.542,0.357,59902,1002.29,0.444,-0.57,0.463,0.511
34.9505,59190,11283.95,0.659,-0.379,0.542,0.356,59953,147.34,0.448,-0.567,0.464,0.512
35.0005,59240,10413.9,0.66,-0.379,0.543,0.353,60003,147.34,0.473,-0.54,0.471,0.511
35.0505,59290,8887.5,0.661,-0.377,0.545,0.349,60053,83.1,0.487,-0.521,0.471,0.517
35.1005,59340,7544.44,0.663,-0.376,0.545,0.347,60103,120.58,0.498,-0.504,0.467,0.527
35.1505,59390,6331.01,0.663,-0.379,0.543,0.346,60153,115.97,0.508,-0.481,0.46,0.544
35.20099999999999,59441,5510.44,0.664,-0.38,0.543,0.343,60203,73.52,0.516,-0.462,0.455,0.558
35.254999999999995,59499,3390.61,0.666,-0.378,0.545,0.339,60253,97.68,0.521,-0.447,0.452,0.568
35.305,59549,2451.57,0.669,-0.374,0.547,0.333,60303,81.16,0.525,-0.433,0.451,0.576
35.355000000000004,59599,2215.2,0.671,-0.372,0.548,0.331,60353,77.86,0.53,-0.416,0.451,0.584
35.405,59649,2215.2,0.669,-0.375,0.547,0.332,60403,72.48,0.539,-0.397,0.461,0.581
35.455,59699,2098.6,0.668,-0.378,0.545,0.334,60453,103.85,0.545,-0.383,0.471,0.577
35.5055,59749,2033.94,0.669,-0.378,0.545,0.333,60504,80.53,0.547,-0.378,0.476,0.575
35.5565,59800,1857.27,0.67,-0.376,0.546,0.331,60555,104.56,0.543,-0.386,0.471,0.577
35.611,59859,1604.24,0.672,-0.374,0.546,0.329,60605,106.4,0.54,-0.392,0.469,0.577
35.661500000000004,59909,1565.94,0.673,-0.371,0.547,0.327,60656,106.86,0.537,-0.4,0.468,0.575
35.712,59959,1605.7,0.675,-0.368,0.549,0.325,60707,930.37,0.534,-0.404,0.468,0.575
35.762,60009,1602.88,0.677,-0.363,0.552,0.322,60757,1079.15,0.533,-0.406,0.467,0.575
35.8125,60059,1602.88,0.679,-0.357,0.555,0.317,60808,1855.0,0.53,-0.409,0.464,0.578
35.8645,60109,1825.6,0.682,-0.35,0.559,0.313,60862,2502.29,0.527,-0.414,0.459,0.581
35.915499999999994,60160,1953.07,0.684,-0.345,0.563,0.309,60913,3565.47,0.526,-0.418,0.457,0.581
35.9695,60218,2558.09,0.685,-0.341,0.565,0.307,60963,4545.74,0.527,-0.418,0.458,0.579
36.019999999999996,60268,2825.9,0.685,-0.337,0.567,0.306,61014,5243.43,0.53,-0.415,0.463,0.575
36.070499999999996,60318,3163.68,0.684,-0.336,0.569,0.306,61065,5524.38,0.531,-0.414,0.466,0.572
36.1205,60368,3525.49,0.682,-0.337,0.57,0.308,61115,5849.11,0.531,-0.415,0.465,0.572
36.171,60418,4060.2,0.679,-0.34,0.569,0.311,61166,5948.4,0.53,-0.417,0.463,0.573
36.223,60468,5224.3,0.676,-0.343,0.569,0.315,61220,6254.73,0.531,-0.418,0.463,0.572
36.274,60519,6868.69,0.673,-0.345,0.571,0.316,61271,6793.56,0.53,-0.419,0.463,0.571
36.328,60577,9682.77,0.67,-0.345,0.575,0.316,61321,7393.96,0.53,-0.42,0.463,0.571
36.379000000000005,60628,11455.18,0.666,-0.345,0.579,0.315,61372,8191.94,0.529,-0.421,0.463,0.571
36.429500000000004,60678,13359.93,0.664,-0.345,0.583,0.314,61423,9180.43,0.527,-0.424,0.461,0.573
36.4795,60728,14529.86,0.659,-0.348,0.587,0.313,61473,9915.99,0.526,-0.425,0.46,0.574
36.53,60778,16060.65,0.656,-0.349,0.591,0.311,61524,10016.78,0.526,-0.424,0.46,0.574
36.581999999999994,60828,17085.42,0.652,-0.352,0.594,0.309,61578,10106.96,0.528,-0.422,0.461,0.574
36.632999999999996,60879,18612.94,0.649,-0.352,0.6,0.306,61629,10456.55,0.528,-0.418,0.464,0.574
36.687,60937,18923.13,0.645,-0.353,0.604,0.305,61679,10481.58,0.528,-0.417,0.463,0.575
36.7375,60987,19623.51,0.64,-0.355,0.608,0.304,61730,10489.59,0.526,-0.418,0.461,0.578
36.788,61037,19794.89,0.637,-0.355,0.612,0.303,61781,10437.91,0.524,-0.42,0.456,0.582
36.837999999999994,61087,19373.22,0.632,-0.359,0.615,0.303,61831,10399.76,0.524,-0.421,0.454,0.583
36.8885,61137,18632.7,0.626,-0.365,0.616,0.304,61882,10429.85,0.524,-0.421,0.453,0.584
36.9405,61187,18882.46,0.622,-0.367,0.62,0.302,61936,10676.43,0.524,-0.42,0.454,0.585
36.9915,61238,18434.12,0.618,-0.368,0.625,0.301,61987,10758.36,0.52,-0.421,0.451,0.589
37.045500000000004,61296,16179.36,0.613,-0.372,0.626,0.303,62037,10889.29,0.517,-0.424,0.448,0.592
37.096000000000004,61346,15883.67,0.606,-0.38,0.625,0.309,62088,11541.49,0.515,-0.426,0.445,0.594
37.1465,61396,15765.14,0.6,-0.386,0.626,0.312,62139,11977.09,0.514,-0.426,0.446,0.595
37.1965,61446,15903.14,0.596,-0.388,0.628,0.312,62189,12805.04,0.512,-0.427,0.445,0.596
37.247,61496,15468.72,0.591,-0.391,0.63,0.315,62240,13423.23,0.51,-0.43,0.444,0.597
37.299499999999995,61547,15189.33,0.585,-0.394,0.631,0.318,62294,13734.12,0.508,-0.433,0.442,0.598
37.3505,61598,14635.65,0.58,-0.397,0.634,0.32,62345,13758.98,0.506,-0.437,0.439,0.599
37.4045,61656,13837.47,0.575,-0.398,0.637,0.321,62395,13743.63,0.504,-0.441,0.435,0.6
37.455,61706,13191.04,0.57,-0.4,0.64,0.323,62446,13923.18,0.503,-0.444,0.433,0.6
37.5055,61756,12376.02,0.563,-0.405,0.641,0.326,62497,13977.21,0.503,-0.446,0.433,0.599
37.555499999999995,61806,11170.97,0.554,-0.413,0.64,0.333,62547,14253.71,0.503,-0.446,0.434,0.598
37.605999999999995,61856,8857.09,0.547,-0.418,0.641,0.336,62598,14531.89,0.503,-0.447,0.434,0.598
37.658,61906,5393.48,0.546,-0.415,0.646,0.333,62652,14760.33,0.502,-0.448,0.434,0.598
37.7085,61956,1642.73,0.547,-0.41,0.648,0.331,62703,16057.8,0.502,-0.449,0.433,0.597
37.763000000000005,62015,-260.03,0.551,-0.41,0.641,0.338,62753,15316.52,0.502,-0.45,0.432,0.597
37.813500000000005,62065,-259.24,0.558,-0.412,0.63,0.347,62804,15457.52,0.501,-0.452,0.431,0.597
37.864,62115,-267.27,0.569,-0.41,0.617,0.354,62855,15016.86,0.501,-0.453,0.431,0.597
37.914,62165,-229.96,0.583,-0.409,0.602,0.36,62905,14602.35,0.501,-0.454,0.431,0.596
37.9645,62215,-218.86,0.599,-0.406,0.586,0.362,62956,14137.17,0.501,-0.454,0.431,0.596
38.0145,62265,-251.31,0.617,-0.403,0.569,0.362,63006,14137.17,0.5,-0.455,0.432,0.595
38.065,62316,-252.82,0.639,-0.395,0.552,0.359,63056,13191.95,0.5,-0.455,0.432,0.595
38.1205,62375,-219.39,0.659,-0.385,0.539,0.353,63108,12561.34,0.499,-0.456,0.433,0.595
38.1725,62425,-213.06,0.682,-0.373,0.524,0.346,63162,12044.94,0.498,-0.457,0.433,0.595
38.223,62475,-225.29,0.699,-0.367,0.507,0.342,63213,11810.32,0.497,-0.458,0.433,0.595
38.272999999999996,62525,-185.97,0.709,-0.369,0.493,0.34,63263,11550.83,0.496,-0.458,0.433,0.595
38.323499999999996,62575,-187.37,0.713,-0.375,0.483,0.339,63314,11689.17,0.495,-0.459,0.434,0.596
38.3735,62625,-203.48,0.715,-0.378,0.481,0.335,63364,11689.17,0.493,-0.46,0.433,0.596
38.424,62676,-189.18,0.714,-0.38,0.483,0.332,63414,12170.16,0.492,-0.461,0.433,0.596
38.477999999999994,62734,-183.54,0.711,-0.382,0.489,0.328,63464,11786.85,0.491,-0.462,0.433,0.597
38.528,62784,-224.59,0.705,-0.385,0.498,0.323,63514,11297.92,0.49,-0.464,0.432,0.597
38.578,62834,-174.96,0.699,-0.387,0.508,0.318,63564,10731.73,0.488,-0.466,0.432,0.596
38.6285,62884,1741.26,0.699,-0.385,0.51,0.318,63615,9955.04,0.487,-0.467,0.433,0.596
38.6785,62934,1641.67,0.698,-0.388,0.509,0.32,63665,9955.04,0.484,-0.471,0.434,0.595
38.7285,62984,2704.36,0.698,-0.387,0.507,0.322,63715,11144.4,0.481,-0.474,0.434,0.594
38.778999999999996,63035,3560.64,0.697,-0.388,0.505,0.327,63765,11898.36,0.479,-0.477,0.435,0.593
38.843500000000006,63094,5594.09,0.693,-0.395,0.501,0.333,63835,13514.74,0.475,-0.482,0.437,0.591
38.8955,63144,6342.16,0.688,-0.403,0.497,0.338,63889,13652.58,0.471,-0.486,0.437,0.59
38.945499999999996,63194,6843.09,0.686,-0.407,0.497,0.34,63939,13652.58,0.467,-0.491,0.439,0.588
38.9955,63244,7250.79,0.685,-0.406,0.497,0.341,63989,14179.45,0.465,-0.494,0.44,0.586
39.045500000000004,63294,7502.69,0.684,-0.404,0.499,0.343,64039,13928.92,0.463,-0.495,0.444,0.584
39.0955,63344,7888.84,0.683,-0.401,0.501,0.346,64089,14177.22,0.461,-0.496,0.447,0.582
39.146,63395,8284.38,0.682,-0.4,0.501,0.349,64139,13703.08,0.457,-0.5,0.448,0.582
39.2005,63453,8765.22,0.681,-0.398,0.502,0.351,64190,12788.02,0.455,-0.502,0.449,0.581
39.2505,63503,8636.43,0.681,-0.396,0.502,0.354,64240,13056.45,0.454,-0.502,0.452,0.579
39.3005,63553,8824.68,0.681,-0.395,0.501,0.356,64290,12883.07,0.452,-0.504,0.454,0.578
39.351,63603,9228.94,0.68,-0.396,0.5,0.359,64341,12878.4,0.451,-0.506,0.456,0.576
39.400999999999996,63653,10138.79,0.679,-0.396,0.5,0.36,64391,12622.71,0.45,-0.507,0.457,0.574
39.451499999999996,63703,10563.66,0.679,-0.393,0.502,0.36,64442,13064.63,0.449,-0.51,0.457,0.572
39.5025,63754,7678.26,0.678,-0.391,0.505,0.361,64493,13064.63,0.446,-0.517,0.456,0.569
39.5565,63812,11745.27,0.677,-0.39,0.507,0.362,64543,13489.38,0.445,-0.521,0.455,0.567
39.6075,63863,12474.66,0.674,-0.392,0.509,0.362,64594,14419.08,0.445,-0.523,0.457,0.563
39.658,63913,13340.72,0.673,-0.392,0.511,0.36,64645,15302.5,0.445,-0.527,0.46,0.558
39.708,63963,13541.76,0.674,-0.388,0.515,0.358,64695,15150.19,0.444,-0.531,0.459,0.555
39.7585,64013,13426.5,0.675,-0.383,0.519,0.355,64746,14801.59,0.444,-0.534,0.458,0.553
39.8105,64063,12959.82,0.675,-0.381,0.521,0.355,64800,14100.73,0.442,-0.541,0.455,0.551
39.8615,64114,13127.84,0.675,-0.381,0.521,0.354,64851,13491.28,0.44,-0.548,0.452,0.548
39.915499999999994,64172,13154.46,0.677,-0.38,0.521,0.352,64901,13388.92,0.44,-0.55,0.452,0.545
39.966,64222,13631.35,0.677,-0.382,0.52,0.351,64952,13248.15,0.44,-0.553,0.452,0.542
40.0165,64272,13786.09,0.677,-0.385,0.52,0.349,65003,12908.44,0.44,-0.557,0.454,0.537
40.0665,64322,14085.92,0.676,-0.385,0.523,0.346,65053,12908.44,0.439,-0.559,0.454,0.535
40.117000000000004,64372,13715.32,0.677,-0.382,0.526,0.342,65104,11550.9,0.439,-0.561,0.455,0.532
40.167500000000004,64422,12935.88,0.678,-0.38,0.529,0.339,65155,10669.15,0.439,-0.564,0.457,0.528
40.218,64473,12455.86,0.677,-0.381,0.53,0.337,65205,9452.99,0.438,-0.567,0.457,0.526
40.2725,64531,11511.53,0.677,-0.382,0.53,0.335,65256,8078.34,0.437,-0.569,0.457,0.524
40.3245,64581,11006.49,0.678,-0.382,0.531,0.332,65310,6954.03,0.439,-0.569,0.461,0.519
40.375,64631,10616.07,0.679,-0.382,0.532,0.329,65361,5431.89,0.444,-0.567,0.469,0.511
40.425,64681,9931.84,0.681,-0.38,0.533,0.325,65411,2584.5,0.445,-0.567,0.471,0.507
40.4755,64731,9151.02,0.683,-0.376,0.535,0.321,65462,399.09,0.443,-0.569,0.47,0.507
40.528,64782,8512.59,0.685,-0.373,0.537,0.319,65516,161.96,0.447,-0.565,0.466,0.512
40.579,64833,7676.16,0.687,-0.373,0.535,0.317,65567,143.23,0.461,-0.547,0.461,0.524
40.632999999999996,64891,7282.09,0.688,-0.374,0.534,0.316,65617,162.13,0.468,-0.535,0.453,0.536
40.683,64941,6652.98,0.688,-0.374,0.534,0.315,65667,162.13,0.477,-0.517,0.436,0.559
40.733000000000004,64991,5864.68,0.689,-0.372,0.536,0.313,65717,162.69,0.483,-0.505,0.427,0.573
40.783,65041,5712.38,0.689,-0.37,0.537,0.312,65767,173.98,0.491,-0.489,0.422,0.583
40.833,65091,5339.47,0.689,-0.368,0.538,0.313,65817,173.98,0.504,-0.459,0.418,0.599
40.9335,65192,5729.26,0.685,-0.372,0.538,0.319,65917,107.79,0.51,-0.437,0.412,0.615
40.9875,65250,6281.88,0.683,-0.373,0.539,0.32,65967,118.7,0.513,-0.428,0.412,0.618
41.037499999999994,65300,6249.94,0.682,-0.373,0.539,0.321,66017,89.6,0.518,-0.418,0.419,0.617
41.087500000000006,65350,6249.94,0.682,-0.371,0.541,0.321,66067,68.64,0.518,-0.418,0.422,0.614
41.1375,65400,5924.1,0.681,-0.371,0.541,0.323,66117,107.36,0.515,-0.425,0.422,0.611
41.1875,65450,5570.35,0.68,-0.371,0.542,0.323,66167,107.36,0.51,-0.438,0.421,0.607
41.2375,65500,5697.84,0.679,-0.371,0.542,0.324,66217,358.83,0.514,-0.437,0.427,0.601
41.2885,65551,5697.84,0.679,-0.371,0.543,0.324,66268,358.83,0.517,-0.434,0.432,0.596
41.343,65610,5558.87,0.678,-0.37,0.544,0.324,66318,358.83,0.515,-0.437,0.428,0.599
41.393,65660,5531.46,0.677,-0.37,0.545,0.324,66368,3285.69,0.513,-0.441,0.424,0.6
41.443,65710,5469.48,0.677,-0.369,0.547,0.323,66418,4293.93,0.512,-0.445,0.421,0.601
41.4935,65760,5333.34,0.677,-0.367,0.548,0.323,66469,5818.97,0.511,-0.448,0.42,0.599
41.543499999999995,65810,5301.99,0.677,-0.366,0.549,0.322,66519,6737.59,0.512,-0.449,0.423,0.596
41.593500000000006,65860,5559.89,0.677,-0.366,0.55,0.323,66569,7458.31,0.513,-0.449,0.425,0.593
41.644000000000005,65911,5973.03,0.676,-0.367,0.55,0.323,66619,8419.1,0.513,-0.45,0.428,0.591
41.6985,65969,7133.81,0.674,-0.367,0.552,0.322,66670,9460.83,0.515,-0.448,0.434,0.586
41.7485,66019,8076.18,0.673,-0.367,0.555,0.321,66720,10856.59,0.517,-0.447,0.438,0.583
41.7985,66069,9092.74,0.671,-0.366,0.559,0.319,66770,12333.9,0.516,-0.448,0.44,0.581
41.8585,66119,10947.43,0.668,-0.366,0.563,0.316,66840,12765.09,0.513,-0.452,0.439,0.581
41.9105,66169,10947.43,0.666,-0.365,0.569,0.311,66894,12713.36,0.512,-0.454,0.44,0.58
41.962500000000006,66219,13533.93,0.664,-0.366,0.573,0.308,66948,12583.33,0.512,-0.454,0.442,0.578
42.0135,66270,14308.82,0.66,-0.369,0.577,0.306,66999,12428.58,0.511,-0.455,0.443,0.578
42.068,66329,15756.67,0.658,-0.368,0.581,0.303,67049,12534.48,0.509,-0.456,0.442,0.579
42.1185,66379,16016.6,0.655,-0.367,0.586,0.3,67100,12819.29,0.508,-0.458,0.441,0.579
42.169,66429,16416.09,0.651,-0.368,0.591,0.3,67151,13148.06,0.507,-0.46,0.439,0.58
42.219,66479,17156.65,0.647,-0.369,0.595,0.299,67201,13663.53,0.506,-0.461,0.438,0.581
42.2695,66529,18122.47,0.643,-0.37,0.6,0.298,67252,14135.28,0.505,-0.463,0.437,0.582
42.3215,66579,18720.18,0.639,-0.371,0.604,0.297,67306,14559.13,0.503,-0.464,0.435,0.583
42.3725,66630,18952.13,0.635,-0.373,0.606,0.298,67357,14919.2,0.502,-0.466,0.432,0.585
42.4265,66688,19218.97,0.63,-0.377,0.607,0.301,67407,15401.83,0.501,-0.468,0.43,0.586
42.477000000000004,66738,18623.3,0.624,-0.384,0.607,0.306,67458,15436.43,0.5,-0.469,0.429,0.586
42.5275,66788,18852.48,0.619,-0.387,0.609,0.307,67509,15045.06,0.5,-0.47,0.429,0.585
42.5775,66838,18101.54,0.615,-0.389,0.612,0.308,67559,14734.57,0.5,-0.469,0.431,0.584
42.628,66888,17159.48,0.612,-0.388,0.616,0.307,67610,14828.36,0.499,-0.471,0.432,0.584
42.68,66938,15661.85,0.609,-0.386,0.62,0.306,67664,14861.4,0.498,-0.473,0.43,0.584
42.730999999999995,66989,14708.68,0.605,-0.388,0.622,0.308,67715,15035.71,0.497,-0.475,0.428,0.585
42.785,67047,13591.5,0.601,-0.389,0.624,0.31,67765,14833.19,0.496,-0.476,0.428,0.585
42.836,67098,12713.42,0.596,-0.391,0.626,0.312,67816,14871.07,0.496,-0.476,0.427,0.586
42.8865,67148,12145.93,0.591,-0.395,0.628,0.315,67867,14761.84,0.495,-0.475,0.427,0.587
42.9365,67198,11321.03,0.584,-0.401,0.628,0.32,67917,14408.34,0.494,-0.475,0.426,0.589
42.986999999999995,67248,9979.97,0.577,-0.406,0.629,0.325,67968,13971.41,0.493,-0.475,0.425,0.59
43.039,67298,8103.22,0.569,-0.412,0.629,0.33,68022,13292.8,0.492,-0.475,0.424,0.592
43.09,67349,5920.48,0.564,-0.413,0.632,0.333,68073,12704.58,0.492,-0.473,0.425,0.593
43.144,67407,782.56,0.562,-0.41,0.636,0.331,68123,11825.94,0.491,-0.473,0.425,0.595
43.194500000000005,67457,-227.28,0.564,-0.409,0.635,0.33,68174,11030.63,0.49,-0.472,0.424,0.596
43.245000000000005,67507,-282.69,0.57,-0.414,0.624,0.334,68225,10532.42,0.487,-0.472,0.424,0.599
43.295,67557,-221.87,0.581,-0.419,0.608,0.341,68275,9741.68,0.486,-0.472,0.423,0.6
43.3455,67607,-262.6,0.596,-0.421,0.588,0.346,68326,9157.33,0.485,-0.472,0.422,0.601
43.3975,67657,-226.25,0.615,-0.419,0.568,0.349,68380,8810.74,0.484,-0.472,0.422,0.602
43.448499999999996,67708,-230.43,0.635,-0.414,0.549,0.35,68431,8747.33,0.483,-0.472,0.423,0.602
43.5025,67766,-191.28,0.652,-0.407,0.534,0.349,68481,8688.99,0.483,-0.472,0.424,0.602
43.552499999999995,67816,-272.38,0.669,-0.401,0.518,0.348,68531,8688.99,0.482,-0.473,0.424,0.602
43.6025,67866,-204.85,0.683,-0.397,0.503,0.348,68581,8807.86,0.481,-0.474,0.425,0.602
43.6525,67916,-215.21,0.692,-0.397,0.489,0.35,68631,8603.05,0.48,-0.475,0.424,0.602
43.7025,67966,-176.57,0.698,-0.398,0.479,0.351,68681,8603.05,0.479,-0.476,0.424,0.602
43.753,68017,-160.27,0.7,-0.397,0.475,0.352,68731,7884.84,0.478,-0.476,0.424,0.602
43.803,68067,-164.6,0.7,-0.397,0.475,0.353,68781,7577.96,0.478,-0.476,0.425,0.602
43.8655,68126,-206.99,0.701,-0.394,0.479,0.351,68847,7490.69,0.479,-0.474,0.428,0.601
43.9175,68176,-222.37,0.702,-0.386,0.486,0.346,68901,6784.09,0.479,-0.474,0.428,0.601
43.9695,68226,-189.03,0.702,-0.38,0.496,0.339,68955,6327.03,0.478,-0.474,0.429,0.601
44.019999999999996,68276,1204.42,0.703,-0.377,0.499,0.336,69006,6293.32,0.477,-0.475,0.429,0.601
44.07,68326,1850.16,0.7,-0.379,0.501,0.337,69056,6215.35,0.475,-0.476,0.429,0.601
44.1205,68376,2295.14,0.696,-0.387,0.496,0.344,69107,6551.7,0.473,-0.478,0.429,0.601
44.1715,68427,3076.53,0.694,-0.39,0.493,0.347,69158,7565.34,0.468,-0.484,0.426,0.603
44.2255,68485,4715.38,0.693,-0.392,0.491,0.349,69208,8402.58,0.464,-0.488,0.425,0.603
44.275999999999996,68535,5334.45,0.69,-0.398,0.489,0.353,69259,9195.34,0.461,-0.492,0.424,0.604
44.326,68585,5658.75,0.69,-0.397,0.49,0.353,69309,9195.34,0.454,-0.499,0.421,0.604
44.376000000000005,68635,5779.33,0.69,-0.394,0.493,0.353,69359,11630.33,0.451,-0.502,0.421,0.604
44.426,68685,5797.13,0.688,-0.391,0.495,0.356,69409,13968.07,0.449,-0.505,0.421,0.603
44.476,68735,6109.04,0.685,-0.39,0.496,0.36,69459,15984.27,0.447,-0.508,0.423,0.601
44.5265,68786,6684.47,0.683,-0.391,0.496,0.364,69509,17043.64,0.444,-0.512,0.425,0.598
44.581500000000005,68845,7725.7,0.683,-0.39,0.496,0.365,69560,17133.62,0.441,-0.516,0.426,0.597
44.6315,68895,7913.13,0.684,-0.386,0.497,0.366,69610,17133.62,0.439,-0.52,0.427,0.594
44.6815,68945,7996.96,0.685,-0.383,0.498,0.367,69660,16908.91,0.438,-0.521,0.43,0.592
44.7315,68995,8227.36,0.684,-0.383,0.498,0.369,69710,16029.33,0.438,-0.52,0.434,0.59
44.7915,69045,8325.51,0.682,-0.384,0.498,0.371,69780,14982.15,0.436,-0.52,0.438,0.588
44.8435,69095,8430.46,0.681,-0.384,0.499,0.371,69834,14949.07,0.435,-0.52,0.44,0.587
44.894000000000005,69146,9003.7,0.681,-0.381,0.502,0.371,69884,14949.07,0.433,-0.523,0.442,0.584
44.948,69204,9841.68,0.681,-0.38,0.501,0.372,69934,14460.17,0.433,-0.524,0.444,0.582
44.998000000000005,69254,10394.34,0.68,-0.381,0.501,0.373,69984,15468.87,0.432,-0.527,0.446,0.58
45.048,69304,10901.54,0.679,-0.383,0.502,0.374,70034,13946.27,0.431,-0.529,0.447,0.577
45.098,69354,10997.5,0.678,-0.379,0.506,0.372,70084,13500.79,0.431,-0.532,0.45,0.572
45.147999999999996,69404,11023.34,0.679,-0.374,0.51,0.371,70134,12788.19,0.431,-0.535,0.453,0.566
45.198,69454,11549.77,0.679,-0.372,0.512,0.371,70184,12022.14,0.433,-0.537,0.456,0.56
45.248000000000005,69504,11200.16,0.678,-0.372,0.512,0.372,70234,11532.37,0.433,-0.542,0.459,0.554
45.303,69564,12096.19,0.677,-0.373,0.512,0.372,70284,10391.58,0.432,-0.546,0.459,0.55
45.3535,69614,12020.43,0.678,-0.371,0.514,0.37,70335,9487.64,0.43,-0.551,0.459,0.547
45.4035,69664,12139.69,0.68,-0.366,0.516,0.367,70385,9487.64,0.431,-0.553,0.462,0.541
45.453500000000005,69714,12095.46,0.681,-0.363,0.519,0.365,70435,7755.61,0.434,-0.552,0.467,0.536
45.5035,69764,12413.15,0.682,-0.36,0.522,0.362,70485,6268.25,0.437,-0.552,0.469,0.531
45.554,69814,12236.32,0.683,-0.358,0.524,0.359,70536,4664.95,0.433,-0.558,0.466,0.531
45.6045,69865,11986.38,0.683,-0.358,0.524,0.359,70586,3260.72,0.431,-0.562,0.465,0.529
45.658500000000004,69923,10739.8,0.682,-0.359,0.525,0.358,70636,1461.96,0.432,-0.564,0.466,0.526
45.7085,69973,10478.65,0.681,-0.361,0.525,0.358,70686,365.01,0.434,-0.564,0.465,0.525
45.759,70023,10266.37,0.68,-0.362,0.526,0.357,70737,95.45,0.446,-0.553,0.458,0.532
45.809,70073,10033.0,0.679,-0.362,0.528,0.356,70787,127.76,0.454,-0.544,0.451,0.54
45.858999999999995,70123,9296.52,0.677,-0.363,0.529,0.357,70837,109.23,0.461,-0.534,0.443,0.551
45.909499999999994,70173,8849.35,0.675,-0.366,0.53,0.358,70888,117.08,0.47,-0.52,0.434,0.564
45.96,70224,8584.12,0.674,-0.364,0.532,0.357,70938,3789.64,0.48,-0.503,0.424,0.579
46.013999999999996,70282,7166.8,0.674,-0.363,0.534,0.357,70988,89.0,0.486,-0.49,0.417,0.59
46.064,70332,6608.02,0.673,-0.363,0.535,0.357,71038,93.44,0.49,-0.479,0.411,0.6
46.1145,70382,6113.66,0.671,-0.365,0.534,0.359,71089,120.64,0.496,-0.462,0.403,0.614
46.1645,70432,5813.68,0.669,-0.369,0.533,0.361,71139,93.28,0.499,-0.452,0.399,0.621
46.215,70482,5439.35,0.667,-0.371,0.533,0.362,71190,92.05,0.501,-0.445,0.395,0.626
46.2675,70533,5135.25,0.667,-0.37,0.534,0.361,71244,89.67,0.504,-0.437,0.394,0.63
46.3185,70584,4772.8,0.668,-0.368,0.536,0.36,71295,111.69,0.507,-0.431,0.394,0.633
46.3725,70642,4418.85,0.668,-0.367,0.537,0.359,71345,110.74,0.508,-0.43,0.392,0.634
46.423,70692,4232.15,0.669,-0.366,0.537,0.358,71396,93.94,0.507,-0.432,0.39,0.634
46.4735,70742,4046.04,0.669,-0.366,0.538,0.358,71447,110.07,0.505,-0.436,0.394,0.63
46.5235,70792,3886.4,0.669,-0.366,0.538,0.356,71497,184.83,0.504,-0.439,0.398,0.626
46.574,70842,3832.48,0.669,-0.366,0.539,0.355,71548,530.08,0.504,-0.44,0.398,0.626
46.623999999999995,70892,3868.88,0.669,-0.366,0.539,0.354,71598,530.08,0.507,-0.437,0.403,0.623
46.674499999999995,70943,3823.92,0.669,-0.366,0.539,0.353,71648,1930.3,0.505,-0.44,0.399,0.625
46.7285,71001,3859.15,0.669,-0.367,0.54,0.352,71698,2923.19,0.505,-0.442,0.396,0.626
46.778499999999994,71051,3797.5,0.669,-0.366,0.541,0.351,71748,3932.65,0.507,-0.442,0.394,0.625
46.828500000000005,71101,3755.55,0.669,-0.366,0.542,0.351,71798,4983.05,0.51,-0.441,0.397,0.621
46.879,71151,3774.63,0.668,-0.365,0.543,0.351,71849,5902.84,0.512,-0.44,0.399,0.619
46.929,71201,3975.2,0.666,-0.368,0.543,0.353,71899,6299.79,0.513,-0.441,0.399,0.617
46.9795,71252,4214.6,0.665,-0.371,0.541,0.355,71949,6818.13,0.514,-0.443,0.398,0.616
47.03,71302,4602.16,0.663,-0.373,0.541,0.356,72000,7475.0,0.515,-0.444,0.399,0.613
47.0845,71361,5731.36,0.66,-0.376,0.541,0.357,72050,8459.27,0.518,-0.442,0.402,0.61
47.135000000000005,71411,6393.2,0.658,-0.378,0.544,0.356,72101,9377.33,0.521,-0.44,0.407,0.607
47.185500000000005,71461,7672.75,0.655,-0.379,0.547,0.355,72152,10311.81,0.52,-0.441,0.408,0.605
47.2355,71511,9650.98,0.651,-0.382,0.551,0.354,72202,10908.82,0.52,-0.442,0.407,0.605
47.286,71561,12254.42,0.649,-0.38,0.556,0.35,72253,12161.75,0.52,-0.443,0.408,0.604
47.3365,71611,13763.2,0.646,-0.381,0.561,0.348,72304,13095.06,0.52,-0.446,0.408,0.601
47.387,71662,15251.26,0.643,-0.382,0.565,0.346,72354,13540.17,0.519,-0.449,0.407,0.601
47.441500000000005,71720,18320.21,0.639,-0.385,0.568,0.345,72405,13446.99,0.517,-0.453,0.405,0.601
47.492,71770,18668.35,0.635,-0.386,0.573,0.343,72456,13446.99,0.517,-0.456,0.403,0.6
47.542,71820,19405.23,0.629,-0.39,0.576,0.344,72506,13264.77,0.517,-0.456,0.405,0.598
47.5925,71870,19776.99,0.624,-0.393,0.579,0.344,72557,13379.14,0.518,-0.455,0.409,0.596
47.6425,71920,19922.56,0.62,-0.396,0.582,0.343,72607,13379.14,0.518,-0.454,0.412,0.594
47.692499999999995,71970,20264.63,0.616,-0.398,0.585,0.344,72657,13078.77,0.518,-0.454,0.414,0.593
47.743,72021,20118.66,0.61,-0.402,0.588,0.344,72707,12922.68,0.517,-0.454,0.415,0.593
47.7975,72080,19139.37,0.607,-0.404,0.59,0.343,72757,12922.68,0.515,-0.457,0.414,0.593
47.8475,72130,18912.68,0.604,-0.405,0.593,0.342,72807,13447.06,0.514,-0.459,0.413,0.594
47.8975,72180,17751.64,0.6,-0.407,0.596,0.342,72857,13837.08,0.512,-0.462,0.412,0.594
47.9475,72230,16876.64,0.594,-0.412,0.598,0.343,72907,14566.81,0.51,-0.465,0.411,0.594
47.9975,72280,16805.99,0.589,-0.415,0.6,0.344,72957,15142.24,0.507,-0.469,0.408,0.595
48.0475,72330,15659.25,0.584,-0.418,0.602,0.346,73007,15916.75,0.505,-0.472,0.407,0.596
48.098,72381,14709.08,0.579,-0.42,0.606,0.346,73057,16324.29,0.503,-0.474,0.406,0.596
48.1525,72439,13954.98,0.574,-0.421,0.609,0.347,73108,15954.47,0.502,-0.476,0.406,0.595
48.2025,72489,13966.8,0.568,-0.422,0.613,0.348,73158,15907.51,0.501,-0.476,0.409,0.594
48.2525,72539,13573.58,0.561,-0.424,0.616,0.351,73208,15592.4,0.5,-0.477,0.409,0.594
48.303,72589,13359.0,0.555,-0.424,0.62,0.354,73259,15155.99,0.498,-0.48,0.41,0.593
48.352999999999994,72639,12460.39,0.549,-0.426,0.623,0.357,73309,14633.72,0.498,-0.481,0.41,0.592
48.403000000000006,72689,11230.03,0.543,-0.427,0.626,0.36,73359,14661.21,0.497,-0.482,0.411,0.591
48.4535,72740,9675.36,0.537,-0.43,0.626,0.365,73409,14992.66,0.496,-0.484,0.411,0.59
48.507999999999996,72798,5508.25,0.532,-0.432,0.627,0.368,73460,14876.41,0.495,-0.486,0.412,0.589
48.558499999999995,72849,2354.06,0.53,-0.43,0.63,0.369,73510,14391.09,0.495,-0.486,0.413,0.589
48.60850000000001,72899,101.06,0.532,-0.425,0.632,0.367,73560,13831.4,0.495,-0.486,0.413,0.589
48.659,72949,-197.73,0.534,-0.427,0.626,0.372,73611,12924.25,0.495,-0.486,0.413,0.589
48.709,72999,-228.74,0.536,-0.436,0.611,0.383,73661,12119.14,0.494,-0.485,0.412,0.59
48.759,73049,-233.35,0.543,-0.445,0.593,0.392,73711,11558.18,0.494,-0.485,0.412,0.591
48.8095,73100,-230.93,0.553,-0.452,0.574,0.399,73761,10994.71,0.493,-0.485,0.411,0.592
48.864000000000004,73158,-228.01,0.565,-0.455,0.558,0.4,73812,10686.77,0.493,-0.485,0.41,0.593
48.914,73208,-189.38,0.58,-0.458,0.541,0.398,73862,10595.72,0.492,-0.485,0.409,0.595
48.9645,73258,-171.66,0.599,-0.455,0.527,0.393,73913,9956.38,0.491,-0.485,0.409,0.595
49.015,73308,-176.68,0.623,-0.444,0.518,0.381,73964,9620.74,0.491,-0.484,0.41,0.595
49.065,73358,-187.19,0.647,-0.428,0.51,0.369,74014,9365.49,0.491,-0.484,0.411,0.595
49.1155,73408,-216.82,0.665,-0.417,0.501,0.361,74065,9243.77,0.49,-0.484,0.411,0.595
49.166,73459,-150.0,0.676,-0.414,0.49,0.359,74115,9243.77,0.489,-0.486,0.411,0.595
49.22,73517,-159.31,0.681,-0.417,0.482,0.359,74165,9020.23,0.488,-0.487,0.411,0.595
49.269999999999996,73567,-146.41,0.683,-0.42,0.476,0.358,74215,8876.95,0.488,-0.487,0.411,0.595
49.32,73617,-183.78,0.686,-0.418,0.477,0.355,74265,8876.95,0.488,-0.487,0.413,0.593
49.370000000000005,73667,-173.03,0.689,-0.412,0.483,0.348,74315,8290.73,0.489,-0.486,0.415,0.592
49.42,73717,-154.82,0.689,-0.406,0.492,0.342,74365,7852.36,0.489,-0.486,0.417,0.591
49.471000000000004,73768,-172.59,0.687,-0.403,0.501,0.336,74416,7852.36,0.489,-0.486,0.418,0.591
49.5215,73819,1094.21,0.689,-0.398,0.503,0.334,74466,7466.16,0.487,-0.487,0.417,0.591
49.5755,73877,1096.11,0.691,-0.393,0.506,0.331,74516,7641.7,0.485,-0.489,0.418,0.591
49.626000000000005,73927,2071.85,0.695,-0.388,0.506,0.329,74567,8233.6,0.483,-0.491,0.419,0.59
49.676,73977,2752.56,0.697,-0.385,0.505,0.331,74617,9080.41,0.479,-0.495,0.419,0.59
49.726,74027,3608.95,0.692,-0.393,0.5,0.34,74667,10494.54,0.476,-0.498,0.419,0.59
49.775999999999996,74077,4322.42,0.687,-0.401,0.495,0.348,74717,11787.69,0.473,-0.501,0.42,0.589
49.82599999999999,74127,5019.88,0.685,-0.402,0.496,0.348,74767,11937.25,0.471,-0.504,0.421,0.587
49.8765,74178,5542.56,0.685,-0.4,0.498,0.349,74817,12347.87,0.467,-0.508,0.423,0.586
49.930499999999995,74236,6689.18,0.685,-0.396,0.499,0.351,74867,12608.53,0.464,-0.511,0.425,0.584
49.980500000000006,74286,6689.18,0.685,-0.393,0.5,0.352,74917,12645.91,0.462,-0.513,0.427,0.582
50.031,74336,7472.44,0.685,-0.391,0.501,0.354,74968,12598.45,0.459,-0.517,0.43,0.579
50.081,74386,7297.6,0.683,-0.39,0.502,0.356,75018,12488.92,0.457,-0.52,0.432,0.577
50.131,74436,7366.02,0.682,-0.389,0.503,0.359,75068,12488.92,0.455,-0.522,0.433,0.576
50.1815,74486,7648.77,0.679,-0.389,0.505,0.36,75119,12369.28,0.452,-0.525,0.434,0.574
50.232,74537,7934.39,0.677,-0.388,0.509,0.361,75169,12652.29,0.45,-0.528,0.437,0.571
50.286500000000004,74596,8305.8,0.677,-0.385,0.512,0.36,75219,12528.76,0.448,-0.529,0.439,0.569
50.3365,74646,8364.72,0.676,-0.383,0.515,0.361,75269,13034.15,0.448,-0.531,0.442,0.567
50.387,74696,8761.77,0.674,-0.383,0.516,0.361,75320,12894.04,0.447,-0.534,0.444,0.562
50.437,74746,9295.3,0.673,-0.383,0.518,0.361,75370,13119.36,0.445,-0.537,0.445,0.56
50.4875,74796,9560.63,0.672,-0.381,0.521,0.359,75421,13528.82,0.443,-0.54,0.445,0.558
50.539500000000004,74846,9787.61,0.673,-0.378,0.525,0.356,75475,14215.17,0.441,-0.545,0.445,0.555
50.5905,74897,9882.06,0.674,-0.373,0.529,0.354,75526,15371.58,0.437,-0.553,0.443,0.552
50.6445,74955,10620.83,0.675,-0.37,0.531,0.352,75576,14558.25,0.435,-0.557,0.441,0.551
50.695,75005,11485.73,0.675,-0.368,0.534,0.349,75627,13947.61,0.433,-0.562,0.439,0.55
50.7455,75055,12498.2,0.677,-0.365,0.536,0.345,75678,13119.7,0.43,-0.568,0.439,0.546
50.795500000000004,75105,13362.03,0.678,-0.362,0.538,0.342,75728,12304.15,0.429,-0.571,0.439,0.543
50.846000000000004,75155,13895.8,0.677,-0.365,0.537,0.343,75779,11189.62,0.427,-0.575,0.438,0.541
50.897999999999996,75205,14449.97,0.675,-0.368,0.538,0.341,75833,10335.84,0.425,-0.579,0.437,0.539
50.949,75256,14608.94,0.675,-0.367,0.542,0.338,75884,9573.51,0.427,-0.581,0.441,0.533
51.0035,75315,12759.93,0.674,-0.364,0.545,0.336,75934,8705.11,0.429,-0.581,0.445,0.528
51.054,75365,12675.85,0.673,-0.365,0.548,0.335,75985,7820.65,0.43,-0.581,0.449,0.524
51.1545,75465,12654.59,0.669,-0.372,0.549,0.334,76086,4523.04,0.423,-0.592,0.442,0.523
51.205,75515,12302.65,0.668,-0.37,0.552,0.331,76137,2084.45,0.422,-0.594,0.441,0.521
51.257000000000005,75565,11310.08,0.668,-0.37,0.554,0.329,76191,490.03,0.422,-0.598,0.438,0.52
51.308,75616,10318.63,0.666,-0.371,0.555,0.329,76242,69.75,0.429,-0.593,0.435,0.522
51.362,75674,7046.92,0.666,-0.372,0.556,0.328,76292,130.99,0.443,-0.581,0.438,0.522
51.412499999999994,75724,5088.29,0.667,-0.37,0.558,0.324,76343,118.37,0.458,-0.566,0.439,0.525
51.463,75774,3089.29,0.669,-0.366,0.56,0.321,76394,94.61,0.474,-0.545,0.426,0.542
51.513000000000005,75824,1541.62,0.673,-0.357,0.566,0.313,76444,128.72,0.479,-0.536,0.412,0.558
51.5635,75874,242.95,0.681,-0.34,0.574,0.297,76495,119.58,0.481,-0.529,0.396,0.575
51.6155,75924,-311.06,0.694,-0.32,0.578,0.284,76549,119.58,0.485,-0.519,0.378,0.593
51.6665,75975,-324.0,0.707,-0.302,0.575,0.276,76600,88.77,0.495,-0.499,0.365,0.61
51.7205,76033,-280.61,0.717,-0.291,0.57,0.273,76650,75.48,0.502,-0.485,0.361,0.618
51.7705,76083,-227.28,0.729,-0.278,0.561,0.273,76700,75.48,0.511,-0.463,0.359,0.628
51.820499999999996,76133,-254.37,0.742,-0.259,0.554,0.269,76750,133.99,0.516,-0.451,0.358,0.633
51.8705,76183,-261.38,0.754,-0.241,0.547,0.269,76800,127.65,0.52,-0.442,0.355,0.637
51.920500000000004,76233,-200.33,0.763,-0.224,0.542,0.267,76850,127.65,0.525,-0.435,0.345,0.644
51.971000000000004,76284,-224.01,0.77,-0.21,0.538,0.268,76900,116.03,0.526,-0.435,0.338,0.646
52.0215,76335,-239.74,0.774,-0.204,0.532,0.272,76950,92.0,0.528,-0.438,0.332,0.646
52.0835,76393,-220.07,0.777,-0.202,0.527,0.276,77016,133.72,0.53,-0.443,0.328,0.643
52.1355,76443,-250.92,0.779,-0.199,0.523,0.278,77070,109.46,0.533,-0.446,0.33,0.637
52.1875,76493,-208.74,0.782,-0.196,0.52,0.279,77124,109.46,0.538,-0.449,0.335,0.629
52.007,,,,,,,77175,103.52,0.545,-0.451,0.343,0.617
52.057,,,,,,,77225,138.44,0.549,-0.453,0.347,0.609
52.108,,,,,,,77276,151.79,0.555,-0.454,0.353,0.6
52.159,,,,,,,77327,170.04,0.566,-0.453,0.361,0.586
