Timestamp(ms),AlignedTime(s),Force,Qw,Qx,Qy,Qz,Command
557675,0.0,-4.27,0.999,0.0,0.003,0.001,S
557725,0.05,9.74,0.999,0.0,0.007,0.003,S
557775,0.1,27.26,0.999,0.0,0.01,0.005,S
557825,0.15,-23.8,0.999,0.0,0.013,0.006,S
557876,0.201,24.46,0.999,0.0,0.016,0.009,S
557926,0.251,11.28,0.999,0.0,0.018,0.01,S
557976,0.301,-13.34,0.999,0.0,0.02,0.012,S
558026,0.351,2.73,0.999,0.0,0.023,0.014,S
558076,0.401,-16.79,0.999,-0.001,0.026,0.016,S
558126,0.451,-15.58,0.999,-0.001,0.028,0.017,S
558176,0.501,23.13,0.999,0.0,0.032,0.019,S
558226,0.551,-15.24,0.999,0.0,0.034,0.021,S
558277,0.602,-26.13,0.999,0.0,0.037,0.023,S
558327,0.652,-26.13,0.998,0.0,0.041,0.025,S
558377,0.702,9.94,0.998,0.001,0.044,0.026,S
558427,0.752,23.19,0.998,0.002,0.046,0.028,S
558491,0.816,7.17,0.998,0.004,0.049,0.029,S
558545,0.87,18.62,0.998,0.004,0.051,0.03,S
558596,0.921,13.01,0.998,0.001,0.053,0.031,S
558646,0.971,-8.44,0.997,0.0,0.055,0.031,S
558697,1.022,-21.79,0.997,0.0,0.056,0.032,S
558747,1.072,-21.79,0.997,-0.001,0.059,0.034,S
558797,1.122,-24.86,0.997,-0.002,0.061,0.035,S
558847,1.172,27.42,0.997,-0.002,0.063,0.036,S
558897,1.222,27.42,0.996,-0.001,0.066,0.039,S
558947,1.272,15.35,0.996,0.0,0.068,0.041,S
558997,1.322,-7.67,0.996,0.0,0.071,0.042,S
559047,1.372,14.24,0.996,0.002,0.074,0.044,S
559097,1.422,24.46,0.995,0.003,0.078,0.046,S
559147,1.472,13.34,0.995,0.002,0.082,0.047,S
559218,1.543,0.33,0.994,0.001,0.087,0.049,S
559272,1.597,16.68,0.994,0.0,0.091,0.05,S
559326,1.651,8.34,0.994,0.0,0.094,0.052,S
559377,1.702,-30.26,0.993,0.0,0.098,0.054,S
559427,1.752,-7.27,0.993,0.0,0.1,0.055,S
559478,1.803,11.11,0.993,0.0,0.102,0.057,S
559529,1.854,-24.3,0.992,0.0,0.106,0.06,S
559579,1.904,4.6,0.992,0.0,0.109,0.062,S
559630,1.955,1.27,0.991,0.003,0.111,0.063,S
559684,2.009,4.56,0.991,0.008,0.114,0.065,S
559735,2.06,7.9,0.99,0.005,0.118,0.066,S
559785,2.11,-15.91,0.99,0.001,0.12,0.067,S
559835,2.16,-15.91,0.989,-0.006,0.124,0.069,S
559885,2.21,-13.07,0.989,-0.008,0.126,0.07,S
559935,2.26,32.26,0.988,-0.007,0.128,0.072,S
559985,2.31,32.26,0.988,-0.004,0.133,0.075,S
560035,2.36,-9.01,0.987,-0.003,0.135,0.077,S
560085,2.41,36.21,0.987,-0.002,0.138,0.08,S
560135,2.46,3.83,0.986,-0.002,0.14,0.082,S
560185,2.51,17.58,0.985,-0.001,0.144,0.084,S
560236,2.561,12.18,0.985,-0.001,0.147,0.086,S
560303,2.628,-8.57,0.984,-0.002,0.15,0.088,S
560357,2.682,1.39,0.984,-0.004,0.152,0.089,S
560411,2.736,44.78,0.983,-0.005,0.154,0.09,S
560462,2.787,-9.17,0.983,-0.008,0.156,0.092,S
560512,2.837,3.94,0.982,-0.009,0.157,0.093,S
560563,2.888,18.18,0.982,-0.01,0.159,0.094,S
560614,2.939,-26.09,0.982,-0.011,0.16,0.096,S
560664,2.989,-12.24,0.981,-0.012,0.161,0.097,S
560715,3.04,3.5,0.981,-0.013,0.162,0.098,S
560769,3.094,-21.52,0.981,-0.014,0.164,0.1,S
560820,3.145,-22.46,0.98,-0.015,0.166,0.102,S
560870,3.195,-20.12,0.98,-0.014,0.168,0.103,S
560921,3.246,-5.73,0.979,-0.013,0.171,0.104,S
560972,3.297,-1.77,0.978,-0.012,0.175,0.106,S
561022,3.347,-11.28,0.978,-0.012,0.177,0.107,S
561073,3.398,-0.1,0.977,-0.013,0.18,0.109,S
561127,3.452,-30.43,0.976,-0.014,0.183,0.111,S
561178,3.503,14.62,0.975,-0.016,0.187,0.113,S
561228,3.553,-12.78,0.974,-0.018,0.19,0.115,S
561278,3.603,-12.78,0.973,-0.021,0.193,0.118,S
561328,3.653,11.91,0.972,-0.022,0.196,0.119,S
561378,3.703,-9.28,0.972,-0.023,0.198,0.121,S
561428,3.753,-2.66,0.971,-0.024,0.2,0.122,S
561478,3.803,-7.94,0.97,-0.028,0.203,0.125,S
561528,3.853,33.64,0.969,-0.03,0.205,0.127,S
561578,3.903,-17.08,0.968,-0.032,0.207,0.129,S
561629,3.954,29.36,0.967,-0.032,0.211,0.133,S
561679,4.004,0.89,0.966,-0.031,0.213,0.135,S
561729,4.054,0.93,0.966,-0.029,0.216,0.138,S
561779,4.104,-4.5,0.964,-0.026,0.219,0.141,S
561829,4.154,-24.59,0.963,-0.024,0.222,0.144,S
561879,4.204,-7.4,0.963,-0.023,0.224,0.146,S
561929,4.254,-7.4,0.962,-0.024,0.227,0.148,S
561979,4.304,8.84,0.961,-0.027,0.228,0.15,S
562029,4.354,-15.68,0.96,-0.03,0.23,0.151,S
562079,4.404,-15.68,0.959,-0.035,0.233,0.154,S
562129,4.454,16.12,0.958,-0.034,0.235,0.154,S
562179,4.504,-14.12,0.958,-0.034,0.237,0.155,S
562229,4.554,12.11,0.957,-0.035,0.239,0.156,S
562279,4.604,-17.91,0.957,-0.036,0.24,0.157,S
562330,4.655,-3.23,0.956,-0.04,0.241,0.158,S
562397,4.722,-25.92,0.955,-0.044,0.242,0.159,S
562451,4.776,-8.11,0.955,-0.047,0.244,0.16,S
562501,4.826,-8.11,0.954,-0.048,0.246,0.161,S
562551,4.876,-14.91,0.953,-0.049,0.247,0.162,S
562601,4.926,-8.57,0.953,-0.051,0.249,0.162,S
562651,4.976,-6.73,0.952,-0.054,0.25,0.164,S
562701,5.026,-7.34,0.951,-0.056,0.252,0.165,S
562752,5.077,-8.34,0.95,-0.057,0.254,0.166,S
562802,5.127,-8.34,0.949,-0.058,0.257,0.168,S
562852,5.177,8.0,0.949,-0.058,0.259,0.169,S
562902,5.227,14.78,0.948,-0.059,0.26,0.17,S
562972,5.297,-8.73,0.946,-0.063,0.263,0.172,S
563026,5.351,9.01,0.945,-0.065,0.265,0.173,S
563080,5.405,-8.23,0.945,-0.066,0.267,0.175,S
563131,5.456,4.33,0.943,-0.067,0.27,0.177,S
563181,5.506,-19.79,0.943,-0.068,0.271,0.179,S
563231,5.556,-19.79,0.941,-0.07,0.273,0.182,S
563281,5.606,-13.68,0.94,-0.072,0.274,0.184,S
563331,5.656,1.6,0.94,-0.072,0.275,0.186,S
563381,5.706,1.6,0.938,-0.073,0.277,0.19,S
563431,5.756,-0.93,0.938,-0.072,0.279,0.191,S
563481,5.806,11.51,0.937,-0.071,0.281,0.193,S
563531,5.856,-2.5,0.936,-0.071,0.283,0.194,S
563581,5.906,11.61,0.935,-0.071,0.285,0.197,S
563632,5.957,12.57,0.933,-0.072,0.288,0.198,S
563699,6.024,-13.51,0.932,-0.074,0.29,0.201,S
563753,6.078,8.57,0.931,-0.077,0.292,0.202,S
563803,6.128,8.57,0.929,-0.08,0.294,0.205,S
563853,6.178,-7.61,0.929,-0.083,0.295,0.206,S
563903,6.228,-25.3,0.928,-0.086,0.296,0.208,S
563953,6.278,22.52,0.927,-0.087,0.297,0.209,S
564003,6.328,-4.27,0.926,-0.087,0.299,0.211,S
564054,6.379,-38.81,0.925,-0.087,0.301,0.212,S
564104,6.429,-5.56,0.924,-0.088,0.303,0.213,S
564154,6.479,8.94,0.923,-0.091,0.305,0.215,S
564205,6.53,-10.51,0.922,-0.092,0.306,0.216,S
564255,6.58,-22.52,0.921,-0.093,0.307,0.217,S
564305,6.63,3.06,0.92,-0.094,0.309,0.219,S
564355,6.68,-1.89,0.919,-0.095,0.31,0.22,S
564406,6.731,10.57,0.918,-0.097,0.311,0.221,S
564456,6.781,10.57,0.917,-0.099,0.312,0.224,S
564506,6.831,4.6,0.916,-0.1,0.314,0.225,S
564556,6.881,-0.43,0.915,-0.1,0.315,0.226,S
564607,6.932,-32.7,0.915,-0.101,0.317,0.227,S
564657,6.982,29.43,0.914,-0.104,0.318,0.228,S
564707,7.032,-14.18,0.913,-0.106,0.318,0.229,S
564757,7.082,-22.36,0.912,-0.108,0.318,0.231,S
564808,7.133,-3.4,0.911,-0.111,0.318,0.233,S
564858,7.183,-19.52,0.911,-0.113,0.319,0.234,S
564908,7.233,-9.24,0.91,-0.113,0.32,0.235,S
564959,7.284,-1.5,0.909,-0.112,0.322,0.236,S
565009,7.334,-20.92,0.908,-0.113,0.324,0.238,S
565059,7.384,2.77,0.907,-0.113,0.325,0.24,S
565109,7.434,2.77,0.905,-0.114,0.327,0.242,S
565159,7.484,5.33,0.905,-0.115,0.329,0.243,S
565210,7.535,6.34,0.903,-0.115,0.331,0.244,S
565260,7.585,6.34,0.902,-0.116,0.333,0.247,S
565310,7.635,-8.9,0.901,-0.117,0.333,0.248,S
565360,7.685,-3.4,0.9,-0.119,0.334,0.249,S
565410,7.735,-5.84,0.899,-0.122,0.335,0.251,S
565460,7.785,21.25,0.898,-0.124,0.336,0.252,S
565510,7.835,16.62,0.897,-0.126,0.337,0.253,S
565576,7.901,32.6,0.896,-0.128,0.338,0.255,S
565630,7.955,-20.96,0.895,-0.13,0.339,0.256,S
565684,8.009,10.24,0.894,-0.131,0.341,0.257,S
565735,8.06,-14.74,0.893,-0.132,0.343,0.258,S
565785,8.11,-6.11,0.892,-0.133,0.344,0.259,S
565836,8.161,-6.11,0.891,-0.133,0.346,0.26,S
565887,8.212,12.78,0.889,-0.133,0.349,0.261,S
565937,8.262,-23.92,0.888,-0.134,0.35,0.263,S
565988,8.313,-12.91,0.887,-0.135,0.353,0.264,S
566042,8.367,4.9,0.885,-0.135,0.355,0.265,S
566093,8.418,-16.62,0.883,-0.135,0.359,0.266,S
566143,8.468,-6.5,0.882,-0.136,0.361,0.268,S
566193,8.518,-6.5,0.88,-0.139,0.363,0.27,S
566243,8.568,-5.4,0.878,-0.141,0.365,0.272,S
566293,8.618,-0.1,0.877,-0.143,0.367,0.273,S
566343,8.668,-0.1,0.874,-0.147,0.371,0.275,S
566393,8.718,-0.77,0.872,-0.15,0.372,0.276,S
566443,8.768,-2.83,0.871,-0.152,0.374,0.278,S
566493,8.818,-5.5,0.869,-0.153,0.376,0.279,S
566543,8.868,-19.58,0.868,-0.153,0.379,0.28,S
566594,8.919,-16.08,0.866,-0.153,0.382,0.28,S
566661,8.986,-16.08,0.865,-0.154,0.385,0.281,S
566715,9.04,2.0,0.863,-0.155,0.387,0.282,S
566765,9.09,2.0,0.861,-0.154,0.392,0.283,S
566815,9.14,-18.08,0.86,-0.153,0.394,0.283,S
566865,9.19,-4.77,0.859,-0.15,0.396,0.283,S
566915,9.24,-28.43,0.859,-0.146,0.399,0.283,S
566965,9.29,26.69,0.858,-0.142,0.403,0.283,S
567016,9.341,-19.62,0.857,-0.14,0.406,0.283,S
567066,9.391,-12.51,0.856,-0.138,0.409,0.282,S
567116,9.441,-5.9,0.855,-0.138,0.412,0.281,S
567167,9.492,-17.02,0.854,-0.137,0.415,0.281,S
567217,9.542,-8.9,0.853,-0.138,0.416,0.28,S
567267,9.592,-16.01,0.852,-0.142,0.416,0.281,S
567317,9.642,-1.5,0.851,-0.148,0.414,0.283,S
567368,9.693,-19.79,0.85,-0.156,0.412,0.287,S
567418,9.743,-19.79,0.848,-0.159,0.412,0.291,S
567468,9.793,8.61,0.847,-0.158,0.412,0.292,S
567518,9.843,-9.07,0.847,-0.154,0.414,0.294,S
567569,9.894,-13.24,0.846,-0.148,0.416,0.295,S
567619,9.944,-0.16,0.846,-0.143,0.417,0.297,S
567669,9.994,0.0,0.845,-0.142,0.418,0.299,S
567719,10.044,3.1,0.844,-0.143,0.418,0.3,S
567770,10.095,-3.9,0.844,-0.143,0.42,0.3,S
567820,10.145,-12.51,0.843,-0.143,0.421,0.298,S
567870,10.195,-28.2,0.843,-0.143,0.422,0.297,S
567970,10.295,-4.67,0.843,-0.148,0.424,0.294,S
568020,10.345,-18.96,0.842,-0.148,0.425,0.293,S
568070,10.395,-18.96,0.841,-0.15,0.427,0.292,S
568120,10.445,-14.74,0.84,-0.152,0.429,0.292,S
568170,10.495,0.43,0.839,-0.153,0.43,0.292,S
568220,10.545,-38.6,0.838,-0.153,0.433,0.292,S
568270,10.595,-37.87,0.836,-0.152,0.437,0.292,S
568320,10.645,13.01,0.835,-0.151,0.439,0.292,S
568370,10.695,19.46,0.834,-0.152,0.441,0.292,S
568421,10.746,-14.68,0.832,-0.155,0.443,0.293,S
568471,10.796,-6.44,0.831,-0.157,0.445,0.294,S
568521,10.846,-30.97,0.829,-0.158,0.446,0.294,S
568572,10.897,53.39,0.828,-0.159,0.447,0.294,S
568622,10.947,135.43,0.827,-0.158,0.45,0.293,S
568672,10.997,5.84,0.827,-0.157,0.452,0.294,S
568722,11.047,5.84,0.825,-0.161,0.452,0.295,S
568772,11.097,-13.95,0.824,-0.163,0.453,0.296,S
568823,11.148,23.59,0.823,-0.164,0.454,0.297,S
568873,11.198,271.22,0.822,-0.164,0.455,0.297,S
568923,11.248,277.94,0.82,-0.167,0.456,0.3,S
568973,11.298,566.69,0.818,-0.172,0.455,0.303,S
569023,11.348,576.6,0.816,-0.179,0.454,0.307,S
569073,11.398,585.48,0.813,-0.186,0.454,0.311,S
569123,11.448,602.34,0.811,-0.188,0.455,0.312,S
569173,11.498,749.52,0.81,-0.188,0.457,0.312,S
569223,11.548,723.88,0.81,-0.187,0.459,0.312,S
569273,11.598,467.3,0.808,-0.187,0.461,0.311,S
569323,11.648,205.18,0.807,-0.189,0.462,0.312,S
569373,11.698,205.18,0.805,-0.192,0.463,0.314,S
569423,11.748,204.31,0.804,-0.193,0.463,0.316,S
569474,11.799,4052.2,0.803,-0.194,0.464,0.317,S
569524,11.849,4052.2,0.802,-0.194,0.465,0.318,S
569574,11.899,1001.33,0.801,-0.195,0.465,0.319,S
569624,11.949,1342.08,0.8,-0.196,0.466,0.32,S
569675,12.0,1781.45,0.799,-0.196,0.467,0.321,S
569725,12.05,2211.88,0.799,-0.193,0.47,0.319,S
569775,12.1,2939.21,0.799,-0.192,0.471,0.319,S
569840,12.165,3748.2,0.797,-0.193,0.473,0.32,S
569894,12.219,4131.73,0.795,-0.196,0.473,0.322,S
569944,12.269,4131.73,0.792,-0.203,0.473,0.325,S
569994,12.319,4391.49,0.791,-0.205,0.474,0.325,S
570044,12.369,4486.56,0.79,-0.207,0.475,0.326,S
570094,12.419,4561.09,0.789,-0.207,0.477,0.325,S
570144,12.469,4659.44,0.788,-0.208,0.479,0.325,S
570195,12.52,4816.17,0.787,-0.209,0.48,0.325,S
570245,12.57,4816.17,0.785,-0.211,0.481,0.325,S
570295,12.62,5031.56,0.783,-0.214,0.482,0.327,S
570345,12.67,5042.01,0.782,-0.217,0.482,0.328,S
570396,12.721,4950.51,0.781,-0.218,0.483,0.328,S
570446,12.771,4967.03,0.78,-0.219,0.484,0.329,S
570496,12.821,4976.37,0.779,-0.22,0.485,0.329,S
570546,12.871,4939.99,0.778,-0.221,0.485,0.33,S
570597,12.922,4953.18,0.776,-0.223,0.486,0.332,S
570647,12.972,4953.07,0.775,-0.225,0.486,0.333,S
570697,13.022,4950.67,0.774,-0.226,0.486,0.334,S
570748,13.073,5003.24,0.773,-0.228,0.486,0.336,S
570798,13.123,5052.63,0.771,-0.23,0.486,0.338,S
570848,13.173,4985.22,0.77,-0.232,0.486,0.339,S
570898,13.223,4458.86,0.769,-0.234,0.486,0.341,S
570949,13.274,4068.76,0.768,-0.235,0.487,0.342,S
570999,13.324,4114.81,0.767,-0.235,0.487,0.343,S
571049,13.374,4181.06,0.766,-0.236,0.488,0.345,S
571099,13.424,4348.23,0.764,-0.237,0.487,0.347,S
571149,13.474,4365.68,0.763,-0.239,0.487,0.35,S
571199,13.524,4383.98,0.762,-0.24,0.487,0.352,S
571249,13.574,4383.98,0.76,-0.242,0.486,0.354,S
571299,13.624,4265.46,0.759,-0.243,0.485,0.357,S
571349,13.674,4209.26,0.758,-0.246,0.484,0.359,S
571399,13.724,4209.26,0.756,-0.248,0.484,0.362,S
571449,13.774,4108.37,0.755,-0.247,0.485,0.363,S
571499,13.824,3983.65,0.754,-0.246,0.486,0.363,S
571549,13.874,3764.34,0.754,-0.246,0.487,0.364,S
571599,13.924,2802.0,0.752,-0.248,0.487,0.366,S
571650,13.975,3713.61,0.75,-0.25,0.487,0.369,S
571717,14.042,3737.75,0.749,-0.252,0.487,0.371,S
571771,14.096,3861.5,0.747,-0.253,0.487,0.372,S
571821,14.146,3861.5,0.746,-0.254,0.488,0.374,S
571871,14.196,3944.73,0.744,-0.254,0.488,0.375,S
571921,14.246,3998.07,0.743,-0.256,0.489,0.376,S
571971,14.296,4062.08,0.742,-0.257,0.489,0.377,S
572021,14.346,4076.66,0.74,-0.259,0.49,0.379,S
572072,14.397,4056.31,0.739,-0.261,0.49,0.38,S
572122,14.447,4056.31,0.737,-0.263,0.491,0.381,S
572172,14.497,3852.22,0.736,-0.264,0.491,0.382,S
572222,14.547,3911.46,0.735,-0.265,0.491,0.383,S
572292,14.617,3989.39,0.733,-0.266,0.492,0.385,S
572346,14.671,4068.38,0.732,-0.267,0.493,0.386,S
572400,14.725,4091.18,0.731,-0.268,0.493,0.387,S
572451,14.776,4082.11,0.729,-0.27,0.493,0.388,S
572501,14.826,4107.37,0.728,-0.271,0.493,0.389,S
572552,14.877,4161.2,0.727,-0.272,0.494,0.39,S
572603,14.928,4205.82,0.725,-0.274,0.494,0.391,S
572653,14.978,4156.7,0.724,-0.275,0.494,0.392,S
572704,15.029,4025.16,0.723,-0.277,0.494,0.393,S
572758,15.083,3737.58,0.722,-0.278,0.495,0.394,S
572809,15.134,3093.12,0.722,-0.277,0.496,0.393,S
572859,15.184,1846.03,0.72,-0.279,0.496,0.395,S
572909,15.234,1846.03,0.715,-0.29,0.49,0.403,S
572959,15.284,270.83,0.712,-0.298,0.485,0.409,S
573009,15.334,7.44,0.709,-0.303,0.481,0.414,S
573059,15.384,7.44,0.709,-0.303,0.478,0.418,S
573109,15.434,-9.51,0.71,-0.302,0.476,0.42,S
573159,15.484,28.63,0.708,-0.307,0.47,0.426,S
573209,15.534,9.34,0.704,-0.315,0.465,0.432,S
573259,15.584,-26.59,0.7,-0.32,0.461,0.439,S
573310,15.635,18.46,0.699,-0.316,0.464,0.441,S
573377,15.702,-8.57,0.7,-0.304,0.474,0.437,S
573431,15.756,11.18,0.702,-0.288,0.488,0.429,S
573481,15.806,11.18,0.702,-0.278,0.5,0.422,S
573531,15.856,-32.26,0.699,-0.283,0.501,0.423,S
573581,15.906,7.4,0.694,-0.291,0.501,0.425,S
573631,15.956,-5.44,0.691,-0.296,0.502,0.424,S
573681,16.006,-5.23,0.689,-0.299,0.506,0.421,S
573732,16.057,-25.63,0.687,-0.305,0.506,0.421,S
573782,16.107,-52.66,0.684,-0.311,0.505,0.422,S
573832,16.157,0.33,0.682,-0.318,0.502,0.424,S
573883,16.208,29.59,0.681,-0.321,0.501,0.425,S
573933,16.258,10.78,0.68,-0.324,0.499,0.427,S
573983,16.308,0.83,0.678,-0.325,0.499,0.428,S
574033,16.358,30.03,0.677,-0.325,0.499,0.429,S
574084,16.409,7.0,0.677,-0.325,0.5,0.43,S
574134,16.459,7.0,0.676,-0.326,0.499,0.431,S
574184,16.509,-10.95,0.675,-0.328,0.498,0.432,S
574234,16.559,-34.64,0.674,-0.33,0.498,0.433,S
574285,16.61,-14.74,0.672,-0.331,0.499,0.433,S
574335,16.66,6.0,0.671,-0.332,0.5,0.434,S
574385,16.71,-24.42,0.669,-0.334,0.5,0.435,S
574435,16.76,-7.11,0.666,-0.337,0.5,0.436,S
574486,16.811,-15.79,0.663,-0.34,0.501,0.438,S
574536,16.861,7.78,0.661,-0.342,0.501,0.439,S
574586,16.911,-0.56,0.66,-0.344,0.501,0.439,S
574637,16.962,-13.07,0.658,-0.346,0.501,0.44,S
574687,17.012,17.79,0.656,-0.349,0.5,0.442,S
574737,17.062,15.51,0.655,-0.351,0.499,0.443,S
574787,17.112,0.33,0.654,-0.353,0.499,0.444,S
574838,17.163,16.52,0.653,-0.354,0.499,0.445,S
574888,17.213,-6.57,0.652,-0.356,0.498,0.445,S
574939,17.264,-13.28,0.65,-0.358,0.498,0.447,S
574990,17.315,5.61,0.648,-0.361,0.497,0.448,S
575040,17.365,-28.09,0.648,-0.362,0.497,0.449,S
575091,17.416,-1.83,0.647,-0.362,0.497,0.449,S
575141,17.466,-1.83,0.645,-0.363,0.498,0.449,S
575191,17.516,11.61,0.644,-0.365,0.497,0.45,S
575241,17.566,17.35,0.642,-0.367,0.496,0.452,S
575291,17.616,17.35,0.64,-0.369,0.495,0.455,S
575341,17.666,4.94,0.639,-0.37,0.495,0.456,S
575391,17.716,-0.16,0.638,-0.371,0.496,0.456,S
575441,17.766,13.74,0.636,-0.372,0.496,0.457,S
575491,17.816,-442.48,0.634,-0.374,0.496,0.459,S
575541,17.866,-27.63,0.632,-0.376,0.495,0.46,S
575612,17.937,-7.5,0.63,-0.379,0.494,0.462,S
575666,17.991,-31.1,0.628,-0.381,0.494,0.463,S
575716,18.041,-31.1,0.625,-0.383,0.495,0.464,S
575766,18.091,225.83,0.625,-0.384,0.494,0.465,S
575816,18.141,67.81,0.623,-0.386,0.493,0.466,S
575866,18.191,154.91,0.622,-0.388,0.493,0.467,S
575916,18.241,272.83,0.62,-0.39,0.492,0.469,S
575967,18.292,439.6,0.619,-0.391,0.491,0.47,S
576017,18.342,843.36,0.617,-0.393,0.491,0.471,S
576067,18.392,1014.41,0.614,-0.396,0.489,0.474,S
576118,18.443,1372.78,0.613,-0.398,0.488,0.475,S
576168,18.493,2003.85,0.612,-0.398,0.489,0.475,S
576219,18.544,2589.23,0.612,-0.399,0.489,0.475,S
576270,18.595,3300.94,0.611,-0.4,0.49,0.474,S
576320,18.645,7063.39,0.61,-0.401,0.491,0.473,S
576370,18.695,7063.39,0.607,-0.404,0.493,0.472,S
576420,18.745,5885.22,0.606,-0.406,0.494,0.472,S
576470,18.795,7396.07,0.602,-0.41,0.493,0.473,S
576520,18.845,7396.07,0.598,-0.415,0.493,0.474,S
576570,18.895,9383.17,0.598,-0.416,0.494,0.472,S
576620,18.945,10003.77,0.596,-0.418,0.495,0.472,S
576686,19.011,10423.01,0.594,-0.421,0.496,0.471,S
576740,19.065,10931.68,0.593,-0.423,0.496,0.471,S
576791,19.116,11672.65,0.592,-0.425,0.497,0.469,S
576841,19.166,11994.48,0.591,-0.425,0.499,0.468,S
576892,19.217,12176.16,0.59,-0.425,0.501,0.468,S
576942,19.267,12176.16,0.587,-0.427,0.502,0.468,S
576992,19.317,12550.79,0.586,-0.427,0.504,0.467,S
577042,19.367,12398.81,0.586,-0.426,0.507,0.465,S
577092,19.417,12398.81,0.583,-0.427,0.508,0.467,S
577142,19.467,11745.47,0.581,-0.428,0.508,0.468,S
577192,19.517,11705.19,0.58,-0.428,0.508,0.469,S
577242,19.567,12456.22,0.579,-0.427,0.508,0.471,S
577292,19.617,12667.54,0.578,-0.428,0.507,0.473,S
577342,19.667,12846.19,0.577,-0.429,0.506,0.475,S
577392,19.717,12817.55,0.576,-0.43,0.505,0.476,S
577443,19.768,12805.6,0.574,-0.431,0.504,0.478,S
577493,19.818,12653.52,0.572,-0.434,0.503,0.48,S
577543,19.868,12485.15,0.569,-0.436,0.501,0.482,S
577594,19.919,12427.68,0.567,-0.44,0.5,0.484,S
577644,19.969,12793.92,0.565,-0.44,0.502,0.484,S
577694,20.019,13096.17,0.563,-0.441,0.502,0.485,S
577744,20.069,13120.03,0.56,-0.442,0.503,0.485,S
577795,20.12,13078.1,0.556,-0.443,0.505,0.487,S
577845,20.17,13078.6,0.553,-0.445,0.506,0.488,S
577895,20.22,12625.82,0.549,-0.447,0.507,0.489,S
577945,20.27,11822.77,0.544,-0.449,0.509,0.49,S
577995,20.32,11176.77,0.54,-0.45,0.512,0.492,S
578045,20.37,11014.74,0.536,-0.451,0.513,0.493,S
578145,20.47,10970.35,0.528,-0.453,0.517,0.498,S
578195,20.52,10819.21,0.524,-0.455,0.516,0.499,S
578245,20.57,10819.21,0.521,-0.458,0.516,0.5,S
578295,20.62,11202.24,0.519,-0.459,0.518,0.5,S
578345,20.67,11214.09,0.517,-0.459,0.519,0.5,S
578395,20.72,10982.53,0.516,-0.46,0.52,0.5,S
578445,20.77,10487.43,0.514,-0.46,0.522,0.499,S
578496,20.821,10430.23,0.513,-0.462,0.523,0.499,S
578546,20.871,10064.84,0.511,-0.463,0.524,0.498,S
578596,20.921,9912.59,0.509,-0.466,0.524,0.497,S
578647,20.972,9710.14,0.507,-0.469,0.525,0.496,S
578697,21.022,9737.71,0.506,-0.471,0.526,0.494,S
578747,21.072,9879.72,0.504,-0.473,0.526,0.493,S
578797,21.122,9619.63,0.502,-0.477,0.526,0.491,S
578848,21.173,9099.55,0.5,-0.481,0.525,0.49,S
578898,21.223,8852.59,0.498,-0.484,0.526,0.489,S
578948,21.273,9222.92,0.497,-0.486,0.527,0.486,S
578999,21.324,9551.88,0.496,-0.488,0.528,0.485,S
579049,21.374,9686.94,0.495,-0.49,0.528,0.484,S
579099,21.424,9766.58,0.494,-0.491,0.529,0.482,S
579149,21.474,10462.06,0.494,-0.491,0.53,0.481,S
579200,21.525,11004.6,0.493,-0.492,0.53,0.482,S
579250,21.575,11004.6,0.492,-0.493,0.53,0.482,S
579300,21.625,12182.94,0.493,-0.493,0.53,0.481,S
579350,21.675,12455.61,0.491,-0.494,0.528,0.484,S
579420,21.745,13029.31,0.49,-0.495,0.527,0.486,S
579474,21.799,12364.77,0.489,-0.495,0.525,0.488,S
579528,21.853,10938.85,0.485,-0.499,0.522,0.49,S
579579,21.904,7991.9,0.482,-0.506,0.519,0.491,S
579629,21.954,3059.48,0.477,-0.512,0.515,0.492,S
579680,22.005,45.82,0.471,-0.521,0.507,0.497,S
579731,22.056,-13.12,0.491,-0.508,0.499,0.501,S
579781,22.106,-42.88,0.507,-0.494,0.492,0.505,S
579832,22.157,-25.59,0.523,-0.479,0.484,0.511,S
579886,22.211,-43.78,0.542,-0.46,0.476,0.516,S
579937,22.262,-79.26,0.565,-0.431,0.472,0.519,S
579987,22.312,-30.7,0.58,-0.412,0.473,0.518,S
580037,22.362,-30.7,0.6,-0.386,0.477,0.512,S
580087,22.412,-37.27,0.607,-0.376,0.476,0.51,S
580137,22.462,-68.68,0.613,-0.371,0.476,0.508,S
580187,22.512,-68.68,0.62,-0.365,0.482,0.499,S
580237,22.562,-36.54,0.621,-0.364,0.486,0.493,S
580287,22.612,-39.11,0.622,-0.364,0.491,0.488,S
580337,22.662,-27.53,0.62,-0.366,0.496,0.483,S
580387,22.712,-13.18,0.617,-0.371,0.503,0.477,S
580438,22.763,-44.55,0.613,-0.374,0.509,0.472,S
580488,22.813,9.94,0.609,-0.379,0.512,0.471,S
580538,22.863,9.94,0.606,-0.382,0.508,0.476,S
580589,22.914,9.94,0.605,-0.382,0.509,0.476,S
580639,22.964,5153.65,0.606,-0.38,0.512,0.474,S
580689,23.014,5810.06,0.606,-0.38,0.512,0.473,S
580739,23.064,6668.45,0.604,-0.383,0.512,0.473,S
580789,23.114,7495.75,0.604,-0.382,0.515,0.471,S
580839,23.164,7685.59,0.605,-0.381,0.517,0.468,S
580889,23.214,7685.59,0.604,-0.382,0.517,0.469,S
580939,23.264,8343.57,0.602,-0.386,0.516,0.47,S
580989,23.314,8862.64,0.6,-0.39,0.514,0.471,S
581039,23.364,9702.4,0.6,-0.391,0.516,0.468,S
581089,23.414,10905.81,0.601,-0.389,0.521,0.463,S
581139,23.464,12624.82,0.599,-0.391,0.522,0.461,S
581189,23.514,13563.2,0.598,-0.394,0.522,0.461,S
581240,23.565,13977.81,0.595,-0.398,0.522,0.461,S
581290,23.615,14108.64,0.594,-0.4,0.522,0.461,S
581340,23.665,14210.7,0.592,-0.403,0.522,0.461,S
581390,23.715,14189.13,0.59,-0.407,0.52,0.463,S
581440,23.765,14331.91,0.588,-0.409,0.519,0.464,S
581490,23.815,14162.87,0.586,-0.412,0.518,0.466,S
581540,23.865,14162.87,0.583,-0.415,0.516,0.468,S
581590,23.915,14289.13,0.582,-0.416,0.516,0.469,S
581640,23.965,14736.74,0.581,-0.416,0.517,0.469,S
581709,24.034,15778.52,0.578,-0.418,0.517,0.471,S
581763,24.088,15697.82,0.576,-0.421,0.515,0.473,S
581817,24.142,15332.37,0.575,-0.421,0.516,0.474,S
581868,24.193,15045.23,0.573,-0.421,0.517,0.475,S
581918,24.243,15134.0,0.571,-0.422,0.517,0.476,S
581969,24.294,15142.01,0.569,-0.423,0.518,0.477,S
582020,24.345,15233.69,0.567,-0.425,0.518,0.478,S
582070,24.395,15641.46,0.565,-0.426,0.518,0.478,S
582121,24.446,16005.53,0.564,-0.427,0.519,0.478,S
582175,24.5,15641.29,0.562,-0.429,0.518,0.479,S
582226,24.551,14982.54,0.56,-0.432,0.516,0.482,S
582276,24.601,14067.76,0.558,-0.433,0.516,0.483,S
582326,24.651,14067.76,0.555,-0.433,0.517,0.484,S
582376,24.701,13303.09,0.553,-0.434,0.517,0.487,S
582426,24.751,12580.83,0.551,-0.435,0.516,0.489,S
582476,24.801,12580.83,0.547,-0.437,0.515,0.492,S
582526,24.851,11319.38,0.546,-0.437,0.516,0.492,S
582576,24.901,11060.57,0.544,-0.438,0.516,0.494,S
582642,24.967,10632.94,0.542,-0.439,0.516,0.495,S
582696,25.021,11009.61,0.54,-0.442,0.515,0.496,S
582750,25.075,11712.09,0.539,-0.443,0.516,0.494,S
582801,25.126,12029.69,0.538,-0.444,0.516,0.495,S
582851,25.176,12265.94,0.536,-0.445,0.515,0.496,S
582902,25.227,12593.55,0.535,-0.446,0.515,0.498,S
582953,25.278,12726.88,0.534,-0.446,0.515,0.499,S
583003,25.328,12906.56,0.532,-0.447,0.514,0.501,S
583054,25.379,12536.48,0.53,-0.448,0.513,0.503,S
583105,25.43,12058.46,0.528,-0.45,0.512,0.505,S
583155,25.48,11726.32,0.525,-0.452,0.511,0.506,S
583206,25.531,12097.27,0.523,-0.454,0.511,0.507,S
583260,25.585,12407.38,0.52,-0.456,0.511,0.508,S
583311,25.636,12407.38,0.518,-0.456,0.512,0.509,S
583361,25.686,14890.43,0.516,-0.457,0.511,0.511,S
583412,25.737,15645.59,0.513,-0.459,0.51,0.514,S
583466,25.791,16312.24,0.51,-0.461,0.51,0.515,S
583517,25.842,17182.91,0.505,-0.465,0.509,0.517,S
583567,25.892,17053.98,0.503,-0.468,0.507,0.518,S
583617,25.942,17053.98,0.499,-0.473,0.505,0.519,S
583667,25.992,17543.08,0.498,-0.475,0.505,0.519,S
583717,26.042,17672.74,0.498,-0.474,0.508,0.518,S
583767,26.092,17672.74,0.494,-0.477,0.506,0.52,S
583817,26.142,17356.52,0.493,-0.478,0.506,0.52,S
583867,26.192,17003.13,0.492,-0.48,0.507,0.518,S
583933,26.258,16333.53,0.49,-0.484,0.507,0.516,S
583987,26.312,16370.48,0.489,-0.488,0.507,0.514,S
584041,26.366,15802.72,0.487,-0.492,0.508,0.51,S
584092,26.417,14383.98,0.483,-0.501,0.507,0.507,S
584142,26.467,12982.32,0.48,-0.507,0.505,0.505,S
584192,26.517,12982.32,0.473,-0.517,0.502,0.504,S
584242,26.567,9767.81,0.469,-0.524,0.5,0.504,S
584292,26.617,7459.98,0.463,-0.53,0.497,0.505,S
584342,26.667,7459.98,0.453,-0.542,0.491,0.507,S
584392,26.717,3665.33,0.442,-0.553,0.483,0.513,S
584442,26.767,887.35,0.436,-0.559,0.475,0.519,S
584508,26.833,-60.01,0.442,-0.556,0.469,0.523,S
584562,26.887,-73.48,0.459,-0.541,0.469,0.525,S
584616,26.941,-53.46,0.476,-0.523,0.466,0.53,S
584667,26.992,-52.89,0.5,-0.496,0.461,0.539,S
584717,27.042,-64.34,0.513,-0.48,0.458,0.544,S
584768,27.093,-42.05,0.523,-0.466,0.454,0.549,S
584819,27.144,-81.93,0.537,-0.447,0.451,0.554,S
584869,27.194,-97.39,0.544,-0.436,0.451,0.555,S
584920,27.245,-77.59,0.55,-0.426,0.452,0.556,S
584971,27.296,-79.2,0.557,-0.415,0.455,0.555,S
585021,27.346,-64.34,0.559,-0.411,0.457,0.555,S
585072,27.397,-66.24,0.56,-0.407,0.461,0.553,S
585126,27.451,-40.94,0.559,-0.406,0.467,0.551,S
585177,27.502,-40.94,0.557,-0.408,0.468,0.55,S
585227,27.552,1551.13,0.557,-0.408,0.472,0.546,S
585278,27.603,2086.83,0.555,-0.409,0.471,0.548,S
585332,27.657,4051.07,0.55,-0.418,0.46,0.556,S
585383,27.708,4051.07,0.554,-0.415,0.465,0.551,S
585433,27.758,8175.92,0.559,-0.409,0.472,0.544,S
585484,27.809,9966.62,0.561,-0.406,0.477,0.54,S
585535,27.86,11137.72,0.558,-0.412,0.473,0.542,S
585585,27.91,12618.21,0.558,-0.414,0.472,0.54,S
585636,27.961,14259.72,0.561,-0.411,0.476,0.537,S
585690,28.015,15546.01,0.56,-0.412,0.477,0.536,S
585741,28.066,16179.74,0.559,-0.414,0.477,0.535,S
585791,28.116,16434.6,0.559,-0.417,0.476,0.534,S
585842,28.167,16651.53,0.56,-0.416,0.479,0.531,S
585893,28.218,16735.76,0.56,-0.417,0.482,0.528,S
585943,28.268,16612.82,0.56,-0.418,0.482,0.526,S
585994,28.319,16652.53,0.56,-0.42,0.483,0.524,S
586048,28.373,17145.76,0.56,-0.423,0.484,0.521,S
586099,28.424,18051.81,0.561,-0.424,0.486,0.517,S
586149,28.474,19123.12,0.561,-0.427,0.486,0.515,S
586200,28.525,19985.31,0.56,-0.43,0.486,0.513,S
586251,28.576,19941.63,0.56,-0.433,0.488,0.509,S
586301,28.626,20182.13,0.559,-0.434,0.489,0.508,S
586352,28.677,20401.36,0.559,-0.435,0.49,0.507,S
586403,28.728,21442.93,0.557,-0.437,0.49,0.506,S
586453,28.778,22771.27,0.557,-0.438,0.491,0.505,S
586504,28.829,22799.97,0.556,-0.438,0.491,0.505,S
586554,28.879,22799.97,0.553,-0.443,0.488,0.508,S
586604,28.929,22235.94,0.552,-0.446,0.485,0.509,S
586654,28.979,21534.08,0.551,-0.448,0.484,0.51,S
586704,29.029,21534.08,0.548,-0.45,0.482,0.512,S
586754,29.079,20451.71,0.547,-0.452,0.481,0.513,S
586804,29.129,19253.28,0.546,-0.453,0.48,0.514,S
586854,29.179,19024.5,0.544,-0.454,0.479,0.516,S
586904,29.229,18819.86,0.542,-0.456,0.478,0.517,S
586954,29.279,18637.76,0.542,-0.456,0.479,0.517,S
587004,29.329,18923.98,0.541,-0.456,0.481,0.516,S
587055,29.38,18647.64,0.539,-0.458,0.482,0.516,S
587105,29.43,18911.43,0.538,-0.459,0.482,0.515,S
587155,29.48,18777.43,0.537,-0.46,0.482,0.515,S
587206,29.531,17176.9,0.536,-0.462,0.482,0.516,S
587256,29.581,16662.5,0.535,-0.46,0.484,0.515,S
587306,29.631,15949.79,0.535,-0.46,0.484,0.516,S
587356,29.681,15949.79,0.533,-0.459,0.484,0.518,S
587406,29.731,14656.75,0.532,-0.459,0.484,0.52,S
587457,29.782,14033.15,0.531,-0.459,0.483,0.521,S
587524,29.849,14033.15,0.53,-0.459,0.483,0.522,S
587578,29.903,12910.44,0.528,-0.46,0.482,0.524,S
587628,29.953,12910.44,0.526,-0.461,0.481,0.526,S
587678,30.003,12636.5,0.526,-0.461,0.481,0.528,S
587728,30.053,12342.53,0.525,-0.461,0.48,0.529,S
587778,30.103,12006.56,0.523,-0.461,0.479,0.531,S
587828,30.153,11699.52,0.521,-0.462,0.477,0.534,S
587879,30.204,11415.0,0.52,-0.462,0.477,0.535,S
587929,30.254,11623.03,0.52,-0.462,0.477,0.536,S
587979,30.304,11672.15,0.519,-0.463,0.477,0.536,S
588030,30.355,11743.63,0.518,-0.464,0.475,0.537,S
588080,30.405,11996.88,0.518,-0.465,0.475,0.537,S
588131,30.456,12023.98,0.517,-0.465,0.475,0.537,S
588182,30.507,11866.78,0.516,-0.467,0.474,0.538,S
588232,30.557,12226.6,0.514,-0.468,0.474,0.539,S
588282,30.607,12226.6,0.512,-0.47,0.472,0.541,S
588382,30.707,12631.66,0.509,-0.473,0.47,0.542,S
588432,30.757,12631.66,0.503,-0.479,0.469,0.544,S
588482,30.807,14450.5,0.5,-0.483,0.469,0.543,S
588532,30.857,14450.5,0.495,-0.489,0.466,0.545,S
588582,30.907,18443.19,0.493,-0.492,0.465,0.544,S
588632,30.957,19382.48,0.491,-0.494,0.466,0.543,S
588683,31.008,20878.78,0.489,-0.495,0.468,0.543,S
588733,31.058,20118.14,0.487,-0.496,0.469,0.543,S
588783,31.108,18849.06,0.485,-0.497,0.471,0.542,S
588834,31.159,17809.28,0.485,-0.496,0.474,0.541,S
588884,31.209,17760.28,0.483,-0.497,0.475,0.54,S
588934,31.259,16953.07,0.482,-0.498,0.476,0.54,S
588984,31.309,16949.62,0.48,-0.5,0.476,0.539,S
589035,31.36,16760.95,0.48,-0.502,0.477,0.537,S
589085,31.41,16328.19,0.479,-0.504,0.478,0.535,S
589135,31.46,16022.65,0.477,-0.509,0.478,0.532,S
589186,31.511,14689.85,0.476,-0.513,0.479,0.528,S
589236,31.561,14324.84,0.476,-0.515,0.48,0.525,S
589286,31.611,13689.62,0.474,-0.522,0.478,0.523,S
589336,31.661,12898.49,0.471,-0.527,0.476,0.521,S
589387,31.712,11526.03,0.468,-0.535,0.472,0.52,S
589437,31.762,11526.03,0.466,-0.54,0.471,0.517,S
589487,31.812,10764.64,0.466,-0.541,0.473,0.515,S
589537,31.862,10732.06,0.466,-0.541,0.475,0.512,S
589607,31.932,9599.94,0.465,-0.542,0.477,0.51,S
589661,31.986,9599.94,0.454,-0.554,0.464,0.519,S
589711,32.036,9599.94,0.425,-0.58,0.432,0.542,S
589761,32.086,-33.43,0.434,-0.573,0.43,0.545,S
589811,32.136,-56.46,0.448,-0.558,0.431,0.548,S
589861,32.186,5.0,0.461,-0.542,0.43,0.554,S
589911,32.236,-16.41,0.475,-0.522,0.423,0.567,S
589962,32.287,-10.67,0.486,-0.505,0.415,0.578,S
590012,32.337,-10.67,0.503,-0.482,0.411,0.586,S
590062,32.387,5.17,0.513,-0.467,0.411,0.59,S
590112,32.437,6.77,0.52,-0.455,0.411,0.593,S
590182,32.507,10.34,0.528,-0.439,0.412,0.597,S
590236,32.561,10.34,0.533,-0.43,0.415,0.597,S
590286,32.611,10.34,0.54,-0.418,0.422,0.595,S
590336,32.661,-34.87,0.542,-0.415,0.425,0.593,S
590386,32.711,-33.37,0.543,-0.412,0.43,0.591,S
590436,32.761,6.17,0.543,-0.41,0.435,0.588,S
590486,32.811,26.63,0.538,-0.413,0.438,0.588,S
590537,32.862,-6.67,0.533,-0.417,0.441,0.588,S
590587,32.912,-6.67,0.532,-0.418,0.441,0.588,S
590637,32.962,-6.67,0.541,-0.408,0.454,0.577,S
590688,33.013,4178.73,0.547,-0.401,0.461,0.57,S
590738,33.063,5136.8,0.548,-0.402,0.46,0.57,S
590788,33.113,5136.8,0.548,-0.405,0.46,0.568,S
590838,33.163,6712.33,0.55,-0.404,0.464,0.564,S
590888,33.213,7250.56,0.552,-0.402,0.468,0.559,S
590939,33.264,7250.56,0.554,-0.403,0.471,0.554,S
590989,33.314,8873.78,0.554,-0.405,0.472,0.551,S
591039,33.364,9724.26,0.554,-0.406,0.475,0.548,S
591090,33.415,10164.8,0.555,-0.407,0.478,0.544,S
591140,33.465,10667.98,0.555,-0.408,0.482,0.54,S
591190,33.515,11161.52,0.554,-0.41,0.482,0.538,S
591240,33.565,11619.19,0.553,-0.413,0.482,0.537,S
591290,33.615,11712.97,0.552,-0.417,0.482,0.535,S
591340,33.665,11763.16,0.55,-0.422,0.481,0.534,S
591390,33.715,12404.78,0.549,-0.426,0.482,0.532,S
591440,33.765,12404.78,0.55,-0.426,0.486,0.527,S
591490,33.815,14172.22,0.549,-0.427,0.488,0.525,S
591541,33.866,14525.71,0.548,-0.43,0.488,0.524,S
591591,33.916,14861.46,0.547,-0.432,0.488,0.523,S
591641,33.966,15220.94,0.546,-0.435,0.488,0.522,S
591691,34.016,15976.83,0.545,-0.437,0.487,0.522,S
591741,34.066,15976.83,0.543,-0.443,0.485,0.522,S
591791,34.116,16991.34,0.541,-0.446,0.483,0.522,S
591841,34.166,17353.39,0.541,-0.448,0.482,0.522,S
591907,34.232,18250.62,0.54,-0.449,0.483,0.521,S
591961,34.286,18659.45,0.539,-0.45,0.483,0.521,S
592015,34.34,18871.75,0.536,-0.454,0.481,0.523,S
592066,34.391,18909.36,0.534,-0.456,0.48,0.523,S
592116,34.441,18445.36,0.533,-0.458,0.48,0.524,S
592166,34.491,18445.36,0.53,-0.46,0.479,0.526,S
592216,34.541,16118.1,0.53,-0.46,0.479,0.526,S
592266,34.591,15276.91,0.528,-0.46,0.479,0.527,S
592316,34.641,15276.91,0.527,-0.459,0.48,0.528,S
592366,34.691,14448.99,0.526,-0.458,0.481,0.528,S
592416,34.741,14869.3,0.525,-0.459,0.482,0.529,S
592466,34.791,15107.03,0.523,-0.46,0.482,0.529,S
592516,34.841,15514.13,0.522,-0.461,0.483,0.529,S
592567,34.892,16239.02,0.521,-0.463,0.483,0.528,S
592617,34.942,16938.78,0.521,-0.463,0.484,0.528,S
592667,34.992,17731.25,0.521,-0.463,0.484,0.528,S
592718,35.043,17143.59,0.52,-0.463,0.482,0.53,S
592768,35.093,15356.67,0.519,-0.464,0.48,0.532,S
592818,35.143,15003.17,0.519,-0.462,0.482,0.532,S
592868,35.193,15062.98,0.519,-0.46,0.483,0.533,S
592919,35.244,14338.42,0.517,-0.46,0.482,0.535,S
592969,35.294,14338.42,0.515,-0.46,0.48,0.54,S
593019,35.344,12888.08,0.514,-0.46,0.479,0.541,S
593069,35.394,13186.94,0.513,-0.46,0.479,0.542,S
593119,35.444,14111.54,0.512,-0.461,0.478,0.543,S
593169,35.494,14134.11,0.511,-0.462,0.476,0.544,S
593219,35.544,14304.94,0.51,-0.463,0.476,0.544,S
593269,35.594,14268.44,0.51,-0.464,0.476,0.544,S
593319,35.644,14022.87,0.509,-0.465,0.475,0.545,S
593369,35.694,13909.56,0.509,-0.465,0.475,0.545,S
593419,35.744,14171.82,0.508,-0.465,0.476,0.545,S
593469,35.794,13965.53,0.508,-0.465,0.476,0.546,S
593519,35.844,13126.04,0.506,-0.466,0.473,0.548,S
593570,35.895,11543.32,0.503,-0.469,0.471,0.55,S
593620,35.945,11543.32,0.499,-0.473,0.468,0.553,S
593670,35.995,9291.46,0.496,-0.476,0.467,0.555,S
593720,36.045,8440.79,0.494,-0.478,0.466,0.556,S
593771,36.096,8075.51,0.492,-0.479,0.467,0.556,S
593821,36.146,6396.78,0.488,-0.481,0.467,0.557,S
593871,36.196,8577.41,0.486,-0.482,0.469,0.557,S
593921,36.246,10273.33,0.483,-0.484,0.469,0.557,S
593972,36.297,11770.44,0.48,-0.486,0.47,0.557,S
594022,36.347,13084.78,0.477,-0.49,0.467,0.559,S
594072,36.397,14499.35,0.474,-0.494,0.466,0.559,S
594122,36.447,15023.82,0.47,-0.498,0.465,0.559,S
594172,36.497,15442.55,0.469,-0.5,0.465,0.558,S
594222,36.547,15666.95,0.468,-0.501,0.466,0.557,S
594272,36.597,15666.95,0.465,-0.503,0.467,0.557,S
594322,36.647,15407.5,0.464,-0.503,0.468,0.557,S
594372,36.697,15979.04,0.463,-0.504,0.468,0.557,S
594435,36.76,15979.04,0.463,-0.505,0.469,0.556,S
594489,36.814,17305.89,0.461,-0.507,0.468,0.556,S
594543,36.868,17718.13,0.46,-0.509,0.468,0.555,S
594594,36.919,17903.4,0.458,-0.515,0.467,0.553,S
594644,36.969,16827.37,0.457,-0.519,0.465,0.55,S
594694,37.019,16827.37,0.461,-0.519,0.473,0.541,S
594744,37.069,15912.12,0.461,-0.52,0.475,0.538,S
594794,37.119,13737.45,0.461,-0.522,0.476,0.536,S
594844,37.169,13737.45,0.458,-0.527,0.477,0.532,S
594894,37.219,10875.34,0.453,-0.534,0.474,0.532,S
594944,37.269,8592.7,0.449,-0.541,0.471,0.531,S
594994,37.319,7088.3,0.442,-0.551,0.466,0.532,S
595044,37.369,5406.23,0.435,-0.558,0.46,0.534,S
595095,37.42,4049.69,0.426,-0.568,0.453,0.537,S
595162,37.487,294.75,0.407,-0.584,0.434,0.55,S
595216,37.541,294.75,0.402,-0.588,0.421,0.56,S
595266,37.591,294.75,0.424,-0.566,0.419,0.568,S
595316,37.641,-35.43,0.436,-0.55,0.417,0.575,S
595366,37.691,-23.75,0.45,-0.533,0.415,0.583,S
595416,37.741,-23.75,0.469,-0.507,0.412,0.593,S
595466,37.791,-50.79,0.48,-0.49,0.41,0.6,S
595517,37.842,-46.49,0.492,-0.47,0.409,0.606,S
595567,37.892,-46.49,0.506,-0.449,0.407,0.612,S
595617,37.942,-72.65,0.512,-0.439,0.407,0.615,S
595667,37.992,-58.17,0.517,-0.432,0.408,0.615,S
595737,38.062,-45.05,0.524,-0.423,0.41,0.614,S
595791,38.116,-84.54,0.528,-0.419,0.412,0.611,S
595841,38.166,-84.54,0.53,-0.421,0.413,0.608,S
595891,38.216,-48.49,0.53,-0.424,0.414,0.605,S
595941,38.266,-71.69,0.53,-0.427,0.415,0.602,S
595991,38.316,1243.52,0.53,-0.429,0.417,0.6,S
596041,38.366,1243.52,0.532,-0.427,0.423,0.595,S
596092,38.417,2483.98,0.531,-0.43,0.42,0.596,S
596142,38.467,3594.34,0.531,-0.433,0.418,0.596,S
596192,38.517,5061.77,0.53,-0.437,0.418,0.594,S
596242,38.567,6625.85,0.533,-0.434,0.424,0.587,S
596292,38.617,7431.51,0.535,-0.434,0.43,0.582,S
596342,38.667,7783.27,0.536,-0.433,0.435,0.578,S
596392,38.717,8738.78,0.536,-0.435,0.436,0.576,S
596442,38.767,9266.53,0.535,-0.438,0.438,0.573,S
596496,38.821,9442.48,0.535,-0.44,0.439,0.57,S
596547,38.872,11626.03,0.534,-0.446,0.442,0.565,S
596597,38.922,10517.46,0.532,-0.45,0.443,0.563,S
596648,38.973,12121.97,0.531,-0.452,0.445,0.56,S
596699,39.024,11816.6,0.528,-0.459,0.445,0.557,S
596749,39.074,11322.99,0.526,-0.462,0.446,0.555,S
596800,39.125,11116.36,0.526,-0.464,0.449,0.553,S
596850,39.175,11116.36,0.525,-0.465,0.454,0.548,S
596900,39.225,11714.47,0.524,-0.466,0.456,0.546,S
596950,39.275,12555.67,0.523,-0.467,0.457,0.545,S
597000,39.325,13555.63,0.522,-0.469,0.458,0.544,S
597050,39.375,14802.32,0.52,-0.474,0.457,0.542,S
597101,39.426,16360.67,0.518,-0.478,0.457,0.541,S
597151,39.476,17737.86,0.516,-0.481,0.456,0.54,S
597201,39.526,18534.17,0.515,-0.483,0.458,0.538,S
597252,39.577,18491.35,0.514,-0.485,0.457,0.538,S
597302,39.627,17194.69,0.513,-0.487,0.455,0.539,S
597353,39.678,15944.16,0.512,-0.489,0.454,0.539,S
597404,39.729,15654.43,0.513,-0.489,0.457,0.536,S
597454,39.779,15105.8,0.512,-0.49,0.457,0.536,S
597504,39.829,15105.8,0.51,-0.494,0.455,0.537,S
597554,39.879,14522.48,0.51,-0.494,0.455,0.536,S
597604,39.929,15331.41,0.51,-0.493,0.456,0.535,S
597654,39.979,15331.41,0.508,-0.495,0.455,0.536,S
597704,40.029,14102.74,0.507,-0.497,0.455,0.536,S
597754,40.079,12037.99,0.507,-0.497,0.455,0.535,S
597804,40.129,10802.75,0.507,-0.497,0.456,0.535,S
597854,40.179,10712.24,0.506,-0.497,0.456,0.536,S
597905,40.23,10159.73,0.505,-0.497,0.457,0.536,S
597955,40.28,10159.9,0.505,-0.497,0.457,0.536,S
598005,40.33,10299.57,0.504,-0.498,0.457,0.536,S
598056,40.381,11166.7,0.504,-0.498,0.457,0.536,S
598106,40.431,12851.49,0.503,-0.5,0.455,0.536,S
598156,40.481,14468.48,0.501,-0.503,0.453,0.537,S
598206,40.531,14441.32,0.501,-0.504,0.452,0.537,S
598257,40.582,14828.46,0.501,-0.504,0.452,0.538,S
598307,40.632,14828.46,0.501,-0.503,0.451,0.539,S
598357,40.682,14004.24,0.501,-0.503,0.45,0.54,S
598407,40.732,13977.75,0.501,-0.502,0.45,0.541,S
598471,40.796,13906.16,0.5,-0.503,0.449,0.542,S
598579,40.904,13172.49,0.499,-0.503,0.448,0.542,S
598630,40.955,12920.91,0.5,-0.502,0.449,0.542,S
598680,41.005,12506.78,0.5,-0.502,0.45,0.543,S
598731,41.056,11754.48,0.499,-0.502,0.45,0.543,S
598782,41.107,11359.27,0.497,-0.504,0.447,0.545,S
598832,41.157,11213.75,0.497,-0.504,0.447,0.545,S
598883,41.208,11066.51,0.496,-0.504,0.449,0.545,S
598937,41.262,10594.6,0.495,-0.504,0.449,0.545,S
598988,41.313,10087.14,0.49,-0.509,0.444,0.55,S
599038,41.363,10255.74,0.489,-0.509,0.442,0.551,S
599088,41.413,10255.74,0.486,-0.509,0.443,0.553,S
599138,41.463,12053.05,0.484,-0.51,0.444,0.554,S
599188,41.513,13318.73,0.482,-0.511,0.445,0.554,S
599238,41.563,13318.73,0.478,-0.514,0.443,0.556,S
599288,41.613,14631.51,0.476,-0.518,0.44,0.557,S
599338,41.663,15115.48,0.475,-0.519,0.44,0.556,S
599404,41.729,15117.88,0.473,-0.52,0.442,0.556,S
599458,41.783,14824.58,0.472,-0.519,0.443,0.556,S
599512,41.837,14816.4,0.472,-0.518,0.445,0.556,S
599563,41.888,15125.72,0.47,-0.519,0.445,0.556,S
599613,41.938,15249.2,0.47,-0.519,0.446,0.556,S
599664,41.989,15662.32,0.468,-0.52,0.446,0.556,S
599715,42.04,15480.65,0.467,-0.521,0.448,0.554,S
599765,42.09,15198.14,0.467,-0.522,0.448,0.553,S
599816,42.141,14284.08,0.466,-0.525,0.448,0.552,S
599867,42.192,14367.89,0.467,-0.526,0.45,0.548,S
599917,42.242,14432.04,0.467,-0.528,0.45,0.547,S
599968,42.293,14202.36,0.467,-0.53,0.45,0.545,S
600018,42.343,14202.36,0.465,-0.535,0.447,0.544,S
600068,42.393,11546.27,0.465,-0.536,0.447,0.543,S
600118,42.443,10410.33,0.466,-0.535,0.45,0.541,S
600168,42.493,10410.33,0.466,-0.532,0.455,0.539,S
600218,42.543,8808.36,0.466,-0.531,0.456,0.539,S
600268,42.593,8451.13,0.465,-0.531,0.456,0.54,S
600318,42.643,9023.23,0.464,-0.532,0.457,0.54,S
600368,42.693,10057.77,0.461,-0.535,0.456,0.54,S
600418,42.743,10496.98,0.461,-0.536,0.455,0.539,S
600468,42.793,9796.62,0.459,-0.539,0.453,0.54,S
600519,42.844,6208.17,0.439,-0.559,0.43,0.555,S
600569,42.894,919.39,0.415,-0.579,0.403,0.572,S
600619,42.944,-32.47,0.424,-0.575,0.4,0.573,S
600669,42.994,-54.73,0.453,-0.549,0.407,0.571,S
600719,43.044,-26.19,0.473,-0.527,0.408,0.575,S
600769,43.094,-12.07,0.485,-0.511,0.403,0.582,S
600819,43.144,-12.07,0.504,-0.484,0.4,0.591,S
600869,43.194,-37.48,0.516,-0.464,0.404,0.594,S
600919,43.244,-111.57,0.525,-0.447,0.408,0.597,S
600969,43.294,-84.6,0.531,-0.432,0.411,0.6,S
601019,43.344,-74.65,0.536,-0.419,0.416,0.602,S
601069,43.394,-123.15,0.539,-0.41,0.42,0.602,S
601119,43.444,-74.82,0.541,-0.405,0.424,0.601,S
601170,43.495,-52.83,0.543,-0.402,0.43,0.598,S
601220,43.545,-52.73,0.543,-0.402,0.434,0.595,S
601270,43.595,-74.75,0.542,-0.403,0.437,0.592,S
601321,43.646,-74.75,0.539,-0.409,0.439,0.589,S
601371,43.696,-90.17,0.538,-0.412,0.438,0.589,S
601421,43.746,1082.59,0.54,-0.411,0.441,0.586,S
601471,43.796,1475.7,0.54,-0.412,0.441,0.585,S
601521,43.846,2019.14,0.538,-0.416,0.436,0.587,S
601572,43.897,3125.89,0.538,-0.419,0.435,0.587,S
601622,43.947,5057.47,0.539,-0.418,0.438,0.583,S
601672,43.997,6458.02,0.541,-0.415,0.444,0.579,S
601723,44.048,7954.53,0.544,-0.41,0.45,0.576,S
601773,44.098,8700.06,0.545,-0.407,0.454,0.574,S
601823,44.148,9245.07,0.545,-0.404,0.458,0.572,S
601873,44.198,9641.66,0.544,-0.404,0.459,0.572,S
601924,44.249,9707.68,0.543,-0.407,0.458,0.572,S
601974,44.299,9707.68,0.545,-0.408,0.46,0.568,S
602024,44.349,9776.93,0.546,-0.41,0.461,0.565,S
602074,44.399,9849.64,0.545,-0.413,0.462,0.563,S
602138,44.463,10297.57,0.545,-0.418,0.462,0.559,S
602192,44.517,10750.25,0.542,-0.425,0.461,0.558,S
602246,44.571,11738.67,0.539,-0.432,0.46,0.556,S
602297,44.622,12490.72,0.536,-0.438,0.46,0.553,S
602347,44.672,13732.45,0.535,-0.441,0.462,0.552,S
602398,44.723,14933.32,0.533,-0.444,0.462,0.55,S
602449,44.774,15997.46,0.531,-0.447,0.464,0.549,S
602499,44.824,17478.94,0.53,-0.448,0.465,0.548,S
602550,44.875,18726.8,0.529,-0.451,0.465,0.547,S
602604,44.929,19728.87,0.527,-0.453,0.466,0.545,S
602655,44.98,20156.02,0.525,-0.458,0.468,0.543,S
602705,45.03,20831.51,0.523,-0.461,0.468,0.542,S
602756,45.081,20459.76,0.522,-0.461,0.47,0.54,S
602807,45.132,19520.74,0.52,-0.464,0.47,0.54,S
602857,45.182,18148.87,0.519,-0.465,0.47,0.54,S
602908,45.233,18148.87,0.519,-0.466,0.47,0.539,S
602962,45.287,16103.75,0.517,-0.467,0.471,0.539,S
603013,45.338,15086.4,0.515,-0.469,0.472,0.538,S
603063,45.388,14763.78,0.515,-0.47,0.473,0.537,S
603114,45.439,14436.54,0.514,-0.47,0.476,0.535,S
603165,45.49,14210.7,0.513,-0.471,0.478,0.534,S
603215,45.54,14484.83,0.512,-0.472,0.478,0.533,S
603266,45.591,15501.51,0.51,-0.475,0.478,0.533,S
603320,45.645,16434.39,0.509,-0.476,0.478,0.532,S
603371,45.696,17271.46,0.508,-0.479,0.478,0.531,S
603421,45.746,16943.89,0.507,-0.481,0.477,0.531,S
603471,45.796,16943.89,0.508,-0.481,0.475,0.532,S
603521,45.846,15697.09,0.509,-0.481,0.474,0.533,S
603571,45.896,14689.62,0.509,-0.481,0.472,0.534,S
603621,45.946,14689.62,0.508,-0.482,0.47,0.536,S
603671,45.996,13156.64,0.509,-0.48,0.47,0.537,S
603721,46.046,13359.49,0.508,-0.48,0.469,0.538,S
603787,46.112,13798.99,0.508,-0.48,0.467,0.54,S
603841,46.166,13631.72,0.508,-0.481,0.465,0.541,S
603895,46.22,13332.25,0.508,-0.481,0.465,0.541,S
603946,46.271,12674.44,0.507,-0.481,0.465,0.542,S
603996,46.321,12066.74,0.507,-0.481,0.464,0.543,S
604047,46.372,11672.75,0.506,-0.481,0.464,0.543,S
604098,46.423,11567.92,0.505,-0.482,0.463,0.544,S
604148,46.473,11860.82,0.505,-0.482,0.464,0.544,S
604199,46.524,11816.99,0.504,-0.481,0.464,0.545,S
604253,46.578,11842.09,0.504,-0.481,0.464,0.545,S
604304,46.629,11758.32,0.504,-0.479,0.465,0.545,S
604354,46.679,10535.86,0.505,-0.478,0.466,0.545,S
604405,46.73,8859.64,0.504,-0.479,0.466,0.545,S
604456,46.781,8597.04,0.503,-0.48,0.466,0.546,S
604506,46.831,8789.17,0.502,-0.481,0.466,0.546,S
604557,46.882,9902.81,0.501,-0.481,0.467,0.545,S
604611,46.936,10694.22,0.498,-0.484,0.466,0.546,S
604662,46.987,13255.93,0.496,-0.486,0.467,0.546,S
604712,47.037,12065.13,0.495,-0.487,0.467,0.546,S
604763,47.088,12179.38,0.494,-0.488,0.467,0.545,S
604814,47.139,12050.55,0.492,-0.49,0.467,0.545,S
604864,47.189,11798.97,0.491,-0.491,0.467,0.545,S
604915,47.24,11854.44,0.49,-0.492,0.468,0.545,S
604969,47.294,12876.02,0.487,-0.494,0.469,0.545,S
605020,47.345,14490.04,0.482,-0.501,0.464,0.547,S
605070,47.395,15000.84,0.483,-0.502,0.463,0.547,S
605121,47.446,15838.03,0.483,-0.502,0.463,0.546,S
605172,47.497,15974.03,0.481,-0.502,0.466,0.545,S
605222,47.547,15592.19,0.481,-0.502,0.467,0.544,S
605273,47.598,15926.87,0.48,-0.503,0.467,0.544,S
605327,47.652,16606.54,0.48,-0.503,0.468,0.543,S
605378,47.703,16946.79,0.478,-0.506,0.468,0.543,S
605428,47.753,17172.56,0.477,-0.509,0.467,0.541,S
605478,47.803,17172.56,0.475,-0.515,0.465,0.539,S
605528,47.853,16872.43,0.473,-0.52,0.463,0.537,S
605578,47.903,15773.91,0.472,-0.526,0.461,0.535,S
605628,47.953,15773.91,0.466,-0.538,0.455,0.534,S
605678,48.003,13404.34,0.463,-0.543,0.451,0.533,S
605728,48.053,12098.51,0.463,-0.545,0.451,0.531,S
605778,48.103,11047.78,0.463,-0.547,0.453,0.529,S
605828,48.153,10633.04,0.462,-0.549,0.455,0.525,S
605878,48.203,9667.29,0.457,-0.554,0.453,0.526,S
605928,48.253,7855.4,0.45,-0.562,0.446,0.53,S
605978,48.303,5707.1,0.431,-0.58,0.427,0.542,S
606028,48.353,1884.31,0.409,-0.598,0.406,0.556,S
606079,48.404,-14.12,0.407,-0.598,0.396,0.564,S
606129,48.454,-14.12,0.426,-0.579,0.397,0.569,S
606179,48.504,-27.3,0.436,-0.565,0.393,0.579,S
606230,48.555,14.62,0.448,-0.546,0.387,0.591,S
606280,48.605,-21.19,0.46,-0.528,0.385,0.6,S
606330,48.655,-39.44,0.475,-0.503,0.385,0.609,S
606380,48.705,-6.77,0.485,-0.485,0.388,0.614,S
606431,48.756,-37.77,0.496,-0.466,0.393,0.617,S
606481,48.806,-37.77,0.506,-0.447,0.399,0.619,S
606531,48.856,-51.0,0.514,-0.434,0.405,0.617,S
606582,48.907,-33.93,0.522,-0.423,0.413,0.613,S
606632,48.957,-10.01,0.527,-0.419,0.417,0.61,S
606682,49.007,-25.26,0.528,-0.421,0.419,0.605,S
606732,49.057,-25.26,0.53,-0.423,0.422,0.599,S
606783,49.108,-30.26,0.531,-0.426,0.428,0.592,S
606833,49.158,-30.26,0.529,-0.434,0.436,0.583,S
606883,49.208,-30.26,0.53,-0.434,0.44,0.579,S
606933,49.258,-30.26,0.535,-0.429,0.45,0.571,S
606984,49.309,3508.13,0.537,-0.427,0.454,0.567,S
607034,49.359,4166.84,0.535,-0.431,0.451,0.568,S
607084,49.409,5032.11,0.534,-0.434,0.451,0.567,S
607134,49.459,5912.58,0.536,-0.434,0.453,0.563,S
607184,49.509,6484.95,0.537,-0.434,0.456,0.559,S
607234,49.559,7055.76,0.536,-0.438,0.457,0.556,S
607284,49.609,7682.86,0.535,-0.441,0.457,0.555,S
607334,49.659,7682.86,0.534,-0.446,0.457,0.553,S
607384,49.709,8733.65,0.534,-0.448,0.458,0.55,S
607434,49.759,9126.36,0.534,-0.449,0.46,0.547,S
607484,49.809,9126.36,0.531,-0.454,0.462,0.544,S
607534,49.859,9711.08,0.529,-0.458,0.463,0.542,S
607584,49.909,10233.82,0.528,-0.46,0.464,0.54,S
607649,49.974,11293.69,0.527,-0.462,0.467,0.538,S
607703,50.028,12599.18,0.525,-0.465,0.468,0.535,S
607757,50.082,14059.98,0.522,-0.47,0.467,0.535,S
607808,50.133,14776.96,0.518,-0.478,0.465,0.534,S
607858,50.183,15851.17,0.518,-0.48,0.465,0.532,S
607908,50.233,15851.17,0.516,-0.482,0.468,0.529,S
607958,50.283,18445.29,0.515,-0.484,0.469,0.528,S
608008,50.333,18637.93,0.514,-0.487,0.468,0.528,S
608058,50.383,18637.93,0.512,-0.491,0.466,0.527,S
608108,50.433,19418.86,0.511,-0.493,0.466,0.526,S
608158,50.483,19202.89,0.51,-0.495,0.465,0.526,S
608208,50.533,19472.89,0.509,-0.496,0.465,0.525,S
608258,50.583,19785.23,0.507,-0.5,0.464,0.525,S
608309,50.634,20625.01,0.506,-0.501,0.464,0.525,S
608359,50.684,20732.27,0.506,-0.501,0.465,0.525,S
608409,50.734,19954.64,0.506,-0.501,0.465,0.524,S
608460,50.785,18710.01,0.506,-0.501,0.466,0.523,S
608510,50.835,18256.06,0.505,-0.503,0.467,0.522,S
608560,50.885,17976.78,0.504,-0.504,0.467,0.522,S
608610,50.935,18308.73,0.504,-0.505,0.467,0.521,S
608661,50.986,18242.31,0.504,-0.505,0.468,0.521,S
608761,51.086,17470.99,0.504,-0.503,0.47,0.52,S
608812,51.137,16780.58,0.504,-0.502,0.47,0.52,S
608862,51.187,16263.34,0.505,-0.502,0.471,0.52,S
608912,51.237,16207.55,0.505,-0.501,0.471,0.52,S
608962,51.287,16203.98,0.505,-0.5,0.471,0.52,S
609013,51.338,16111.49,0.505,-0.5,0.472,0.52,S
609063,51.388,15294.03,0.505,-0.5,0.472,0.52,S
609113,51.438,14489.04,0.505,-0.5,0.472,0.52,S
609164,51.489,13028.04,0.506,-0.5,0.472,0.52,S
609214,51.539,11018.45,0.505,-0.5,0.471,0.52,S
609265,51.59,10320.89,0.506,-0.499,0.472,0.52,S
609316,51.641,10555.78,0.506,-0.497,0.475,0.519,S
609366,51.691,10854.92,0.505,-0.497,0.475,0.519,S
609417,51.742,11144.9,0.504,-0.498,0.474,0.52,S
609468,51.793,11463.0,0.504,-0.498,0.475,0.52,S
609518,51.843,11546.33,0.504,-0.498,0.475,0.52,S
609569,51.894,11526.47,0.503,-0.499,0.475,0.521,S
609623,51.948,11625.76,0.502,-0.499,0.474,0.522,S
609674,51.999,11635.21,0.501,-0.499,0.473,0.523,S
609724,52.049,11630.04,0.501,-0.499,0.473,0.524,S
609774,52.099,11630.04,0.501,-0.498,0.473,0.525,S
609824,52.149,11744.24,0.501,-0.497,0.474,0.525,S
609874,52.199,11460.66,0.501,-0.497,0.474,0.526,S
609924,52.249,11460.66,0.501,-0.496,0.474,0.526,S
609974,52.299,11604.8,0.501,-0.497,0.473,0.526,S
610024,52.349,11343.52,0.5,-0.498,0.473,0.526,S
610074,52.399,11046.49,0.5,-0.498,0.473,0.526,S
610124,52.449,10833.79,0.499,-0.498,0.474,0.525,S
610174,52.499,11489.59,0.498,-0.499,0.474,0.526,S
610224,52.549,11646.18,0.498,-0.499,0.475,0.525,S
610274,52.599,11678.82,0.497,-0.498,0.478,0.524,S
610324,52.649,11296.86,0.496,-0.498,0.479,0.525,S
610375,52.7,10799.75,0.494,-0.498,0.479,0.526,S
610425,52.75,10309.04,0.493,-0.498,0.48,0.526,S
610475,52.8,9942.53,0.49,-0.499,0.482,0.526,S
610525,52.85,10207.29,0.487,-0.501,0.482,0.526,S
610575,52.9,10861.82,0.485,-0.502,0.484,0.526,S
610625,52.95,11151.78,0.482,-0.505,0.484,0.526,S
610675,53.0,11088.1,0.48,-0.507,0.484,0.526,S
610725,53.05,11423.34,0.478,-0.509,0.484,0.526,S
610775,53.1,11806.71,0.476,-0.51,0.485,0.525,S
610825,53.15,12200.46,0.474,-0.512,0.484,0.525,S
610875,53.2,12633.89,0.473,-0.513,0.485,0.525,S
610925,53.25,12593.95,0.473,-0.514,0.486,0.524,S
610976,53.301,12900.66,0.472,-0.515,0.486,0.523,S
611026,53.351,13632.12,0.472,-0.516,0.487,0.521,S
611077,53.402,13486.54,0.471,-0.518,0.487,0.52,S
611131,53.456,13588.23,0.472,-0.519,0.487,0.518,S
611182,53.507,13658.25,0.47,-0.525,0.484,0.517,S
611232,53.557,13530.43,0.468,-0.53,0.482,0.516,S
611283,53.608,13740.19,0.468,-0.533,0.48,0.514,S
611334,53.659,13731.78,0.47,-0.535,0.48,0.511,S
611384,53.709,13381.48,0.471,-0.536,0.48,0.509,S
611435,53.76,12696.74,0.47,-0.538,0.478,0.51,S
611486,53.811,12095.23,0.471,-0.54,0.476,0.508,S
611536,53.861,11872.83,0.471,-0.541,0.476,0.507,S
611587,53.912,11860.78,0.47,-0.542,0.476,0.507,S
611637,53.962,11860.78,0.468,-0.546,0.473,0.507,S
611687,54.012,10612.91,0.468,-0.546,0.473,0.507,S
611737,54.062,8798.29,0.469,-0.545,0.474,0.506,S
611787,54.112,8798.29,0.462,-0.55,0.468,0.514,S
611837,54.162,1974.98,0.437,-0.57,0.446,0.532,S
611887,54.212,174.04,0.426,-0.579,0.428,0.546,S
611956,54.281,-47.78,0.437,-0.569,0.419,0.555,S
612010,54.335,-49.56,0.452,-0.552,0.417,0.561,S
612061,54.386,-43.44,0.465,-0.534,0.407,0.576,S
612111,54.436,-24.59,0.47,-0.524,0.399,0.586,S
612162,54.487,-52.79,0.477,-0.514,0.393,0.593,S
612212,54.537,-52.79,0.494,-0.49,0.395,0.598,S
612262,54.587,-39.81,0.502,-0.478,0.398,0.599,S
612312,54.637,-39.81,0.509,-0.468,0.4,0.601,S
612362,54.687,-39.81,0.518,-0.453,0.404,0.601,S
612412,54.737,-25.86,0.524,-0.443,0.409,0.6,S
612462,54.787,-29.8,0.528,-0.437,0.412,0.6,S
612531,54.856,-4.56,0.53,-0.43,0.416,0.599,S
612585,54.91,-34.64,0.532,-0.425,0.422,0.597,S
612636,54.961,12.74,0.533,-0.421,0.43,0.593,S
612686,55.011,-555.74,0.534,-0.419,0.436,0.589,S
612737,55.062,2490.28,0.537,-0.418,0.441,0.583,S
612791,55.116,2060.96,0.543,-0.412,0.452,0.573,S
612842,55.167,2187.95,0.539,-0.42,0.445,0.577,S
612892,55.217,3338.82,0.534,-0.429,0.436,0.581,S
612943,55.268,5070.28,0.534,-0.433,0.435,0.579,S
612997,55.322,6602.2,0.539,-0.428,0.446,0.57,S
613048,55.373,7875.55,0.544,-0.422,0.456,0.562,S
613098,55.423,9101.16,0.543,-0.424,0.457,0.561,S
613148,55.473,9101.16,0.54,-0.432,0.453,0.561,S
613198,55.523,10557.72,0.539,-0.436,0.452,0.559,S
613248,55.573,11024.46,0.539,-0.44,0.453,0.556,S
613298,55.623,11024.46,0.539,-0.445,0.454,0.551,S
613348,55.673,12033.53,0.539,-0.448,0.455,0.547,S
613398,55.723,12255.93,0.539,-0.45,0.457,0.544,S
613448,55.773,12674.05,0.539,-0.453,0.458,0.541,S
613498,55.823,13141.28,0.539,-0.457,0.459,0.537,S
613549,55.874,14149.79,0.537,-0.462,0.459,0.534,S
613616,55.941,15838.53,0.536,-0.466,0.461,0.531,S
613670,55.995,16857.28,0.534,-0.468,0.463,0.528,S
613720,56.045,16857.28,0.53,-0.473,0.464,0.527,S
613770,56.095,19941.96,0.528,-0.477,0.462,0.527,S
613820,56.145,21145.98,0.526,-0.481,0.461,0.527,S
613870,56.195,23492.94,0.524,-0.484,0.461,0.526,S
613920,56.245,24328.89,0.524,-0.486,0.462,0.523,S
613971,56.296,24579.11,0.522,-0.489,0.463,0.522,S
614021,56.346,24501.22,0.521,-0.492,0.462,0.521,S
614071,56.396,24503.68,0.52,-0.494,0.461,0.52,S
614122,56.447,24815.94,0.519,-0.496,0.461,0.519,S
614172,56.497,25029.0,0.518,-0.498,0.461,0.519,S
614223,56.548,23846.88,0.518,-0.498,0.461,0.518,S
614274,56.599,23508.51,0.515,-0.502,0.459,0.519,S
614324,56.649,22722.42,0.515,-0.504,0.458,0.519,S
614375,56.7,21317.61,0.515,-0.503,0.459,0.518,S
614426,56.751,20528.72,0.514,-0.502,0.462,0.517,S
614476,56.801,18108.77,0.513,-0.502,0.464,0.516,S
614527,56.852,16880.27,0.512,-0.503,0.466,0.515,S
614581,56.906,16216.89,0.512,-0.504,0.467,0.514,S
614632,56.957,15872.8,0.512,-0.503,0.47,0.512,S
614682,57.007,14678.34,0.511,-0.503,0.47,0.512,S
614732,57.057,14678.34,0.513,-0.501,0.471,0.511,S
614782,57.107,13555.96,0.513,-0.5,0.473,0.511,S
614832,57.157,12824.73,0.513,-0.499,0.474,0.511,S
614883,57.208,12824.73,0.514,-0.497,0.474,0.512,S
614933,57.258,11019.79,0.514,-0.495,0.474,0.513,S
614983,57.308,10258.69,0.514,-0.495,0.474,0.515,S
615033,57.358,10061.07,0.514,-0.494,0.474,0.516,S
615084,57.409,10268.49,0.513,-0.493,0.474,0.517,S
615134,57.459,11104.89,0.513,-0.493,0.473,0.518,S
615184,57.509,11232.78,0.514,-0.492,0.472,0.518,S
615234,57.559,10908.98,0.514,-0.49,0.474,0.519,S
615284,57.609,10402.86,0.514,-0.489,0.474,0.519,S
615334,57.659,9865.7,0.514,-0.49,0.473,0.52,S
615384,57.709,9662.91,0.513,-0.49,0.473,0.52,S
615434,57.759,9650.0,0.513,-0.49,0.473,0.52,S
615485,57.81,9857.49,0.513,-0.49,0.474,0.521,S
615535,57.86,9857.49,0.512,-0.49,0.473,0.522,S
615585,57.91,9888.19,0.512,-0.49,0.473,0.522,S
615635,57.96,9856.09,0.512,-0.49,0.473,0.522,S
615699,58.024,10125.86,0.512,-0.49,0.473,0.522,S
615753,58.078,10553.71,0.511,-0.49,0.472,0.523,S
615804,58.129,10553.71,0.511,-0.491,0.471,0.523,S
615854,58.179,11156.95,0.511,-0.491,0.47,0.524,S
615905,58.23,11668.75,0.511,-0.491,0.47,0.524,S
615959,58.284,11985.97,0.51,-0.491,0.47,0.525,S
616010,58.335,12043.27,0.51,-0.491,0.469,0.527,S
616060,58.385,12674.38,0.508,-0.491,0.469,0.528,S
616111,58.436,13315.44,0.508,-0.491,0.47,0.528,S
616165,58.49,13383.98,0.505,-0.493,0.47,0.528,S
616216,58.541,13593.28,0.503,-0.494,0.469,0.529,S
616266,58.591,14255.55,0.502,-0.496,0.467,0.53,S
616316,58.641,14255.55,0.499,-0.499,0.468,0.53,S
616366,58.691,14585.49,0.498,-0.5,0.47,0.529,S
616416,58.741,14734.91,0.496,-0.5,0.472,0.529,S
616466,58.791,14734.91,0.494,-0.499,0.474,0.53,S
616516,58.841,14687.08,0.493,-0.497,0.476,0.53,S
616566,58.891,14272.61,0.491,-0.497,0.478,0.531,S
616616,58.941,14272.61,0.488,-0.497,0.48,0.531,S
616666,58.991,14234.23,0.486,-0.498,0.48,0.532,S
616717,59.042,14148.96,0.485,-0.499,0.481,0.531,S
616767,59.092,14200.31,0.485,-0.5,0.481,0.531,S
616817,59.142,14216.1,0.484,-0.502,0.481,0.53,S
616868,59.193,14033.11,0.483,-0.505,0.482,0.528,S
616918,59.243,13850.89,0.482,-0.508,0.481,0.525,S
616968,59.293,13097.17,0.482,-0.511,0.482,0.522,S
617018,59.343,12731.18,0.484,-0.513,0.484,0.517,S
617069,59.394,12509.51,0.484,-0.515,0.484,0.513,S
617119,59.444,11486.92,0.483,-0.519,0.482,0.512,S
617169,59.494,10182.88,0.482,-0.525,0.48,0.51,S
617220,59.545,8767.15,0.481,-0.528,0.48,0.508,S
617270,59.595,7631.63,0.48,-0.529,0.481,0.506,S
617320,59.645,6466.93,0.478,-0.531,0.481,0.506,S
617370,59.695,5041.12,0.474,-0.534,0.48,0.508,S
617421,59.746,3658.71,0.472,-0.536,0.479,0.509,S
617471,59.796,3002.07,0.472,-0.535,0.48,0.508,S
617521,59.846,2694.63,0.472,-0.534,0.482,0.508,S
617572,59.897,2252.32,0.469,-0.536,0.481,0.509,S
617622,59.947,1862.51,0.465,-0.539,0.478,0.512,S
617672,59.997,1761.76,0.46,-0.544,0.474,0.515,S
617722,60.047,1629.49,0.459,-0.546,0.472,0.516,S
617773,60.098,1457.01,0.457,-0.548,0.472,0.516,S
617823,60.148,1457.01,0.456,-0.55,0.472,0.515,S
617873,60.198,1229.34,0.454,-0.552,0.47,0.515,S
617923,60.248,1084.89,0.451,-0.555,0.468,0.517,S
617973,60.298,1084.89,0.448,-0.557,0.467,0.518,S
618024,60.349,895.93,0.448,-0.557,0.467,0.518,S
618074,60.399,815.33,0.448,-0.557,0.468,0.518,S
618124,60.449,760.99,0.448,-0.556,0.469,0.518,S
